###############################################################
#  Generated by:      Cadence Innovus 21.17-s075_1
#  OS:                Linux x86_64(Host ID ssh-soc.ece.ubc.ca)
#  Generated on:      Sun Dec 21 16:36:20 2025
#  Design:            mac_accel
#  Command:           summaryReport -noHtml -outfile reports/summary_report_final.rpt
###############################################################


==============================
General Design Information
==============================
Design Status: Routed  
Design Name: mac_accel  
# Instances: 21454  
# Hard Macros: 0  
# Std Cells: 21454  
    ------------------------------
    Standard Cells in Netlist
    ------------------------------
               Cell Type   Instance Count  Area (um^2)  
                ACHCONX2                4          50.6160  
                 ADDFHX1               15         112.8600  
                 ADDFHX2                2          16.4160  
                 ADDFHXL               17         127.9080  
                  ADDFX1               86         441.1800  
                  ADDFX2                1           7.8660  
                  ADDFXL                4          27.3600  
                  ADDHX1               57         214.4340  
                  ADDHXL                2           9.5760  
                  AND2X1               59          80.7120  
                  AND2X2                1           1.7100  
                  AND2X4                2           5.4720  
                  AND2XL              132         180.5760  
                  AO21X1               10          23.9400  
                  AO21X2                2           5.4720  
                  AO21XL                2           4.7880  
                  AO22X1                3           8.2080  
                  AO22XL               30          82.0800  
                AOI211X1                2           4.7880  
                AOI211X2                1           3.4200  
                AOI211XL                9          18.4680  
                 AOI21X1              271         463.4100  
                 AOI21X2               27          73.8720  
                 AOI21X4                5          25.6500  
                AOI221X1               54         129.2760  
                AOI221X2                4          17.7840  
                AOI221X4                1           7.8660  
                 AOI22X1                5          10.2600  
                 AOI22XL               63         129.2760  
               AOI2BB1X1               25          51.3000  
               AOI2BB1X2                2           6.1560  
               AOI2BB1XL               21          43.0920  
                 AOI31X1               27          55.4040  
                 AOI31X2                1           3.4200  
                 AOI31X4                1           6.4980  
                 AOI32X1               16          38.3040  
                  BUFX12               55         282.1500  
                  BUFX16                9          61.5600  
                   BUFX3              107         219.5640  
                   BUFX4               35          83.7900  
                   BUFX6               52         160.0560  
               CLKAND2X2               11          22.5720  
               CLKAND2X3                3           9.2340  
               CLKBUFX12                1           5.1300  
                CLKBUFX2              367         627.5700  
                CLKBUFX3               40          82.0800  
                CLKBUFX8                5          18.8100  
                CLKINVX4               15          25.6500  
                CLKINVX6               18          43.0920  
                CLKINVX8                9          27.7020  
               CLKXOR2X1               15          41.0400  
               CLKXOR2X2                2           6.8400  
                  DECAP2             3881        2654.6040  
                  DECAP3             2820        2893.3200  
                  DECAP8              494        1351.5840  
                 DECAP10             1963        6713.4600  
                 DFFHQX1              826        4519.8720  
                  DFFQX2                1           6.4980  
                  DFFQXL              245        1340.6400  
                DFFRHQX1               79         486.3240  
                  DFFRX2                1           7.5240  
                   INVX1              671         458.9640  
                   INVX2               54          55.4040  
                   INVX3               21          28.7280  
                   INVX4                1           1.7100  
                   INVXL              545         372.7800  
                  MXI2X1               17          46.5120  
                  MXI2XL               90         215.4600  
                NAND2BX1              576         787.9680  
                NAND2BX2               42         100.5480  
                NAND2BX4               12          45.1440  
                NAND2BXL               48          65.6640  
                 NAND2X1             1724        1768.8240  
                 NAND2X2              480         820.8000  
                 NAND2X4              108         369.3600  
                 NAND2X6               11          52.6680  
                 NAND2X8                5          27.3600  
                 NAND2XL               35          35.9100  
                NAND3BX1                1           2.0520  
                NAND3BX2                3           9.2340  
                NAND3BX4                2          10.2600  
                NAND3BXL               34          58.1400  
                 NAND3X1                3           5.1300  
                 NAND3X2                3           8.2080  
                 NAND4XL                1           1.7100  
                 NOR2BX1             1133        1549.9440  
                 NOR2BX2               20          54.7200  
                 NOR2BX4                1           3.7620  
                  NOR2X1             1372        1407.6720  
                  NOR2X2              182         311.2200  
                  NOR2X4               22          67.7160  
                  NOR2XL               89          91.3140  
                 NOR3BX1               15          30.7800  
                  NOR3X1               71         121.4100  
                  NOR3X2                2           5.4720  
                  NOR3XL                4           6.8400  
                NOR4BBX1                4          10.9440  
                  NOR4X1                1           1.7100  
                  OA21X1               58         119.0160  
                OAI211X1               82         140.2200  
                OAI211X2                2           8.2080  
                OAI211X4                1           6.4980  
                 OAI21X1              379         648.0900  
                 OAI21X2              136         418.6080  
                 OAI21X4               37         177.1560  
                 OAI21XL                6          10.2600  
                OAI221X1                2           4.7880  
                 OAI22X1               52         106.7040  
                 OAI22X2               12          41.0400  
                 OAI22XL                1           2.0520  
               OAI2BB1X1              125         213.7500  
               OAI2BB1X2               21          64.6380  
               OAI2BB2X1                5          20.5200  
               OAI2BB2X2                1           5.4720  
               OAI2BB2XL                6          22.5720  
                 OAI31X1               17          34.8840  
                 OAI31X2                2           7.5240  
                 OAI31X4                1           6.8400  
                 OAI32X1               20          47.8800  
                   OR2X1              143         195.6240  
                   OR2X4                3           8.2080  
                   OR2X6                1           3.7620  
                   OR2XL              211         288.6480  
                   OR3XL                8          16.4160  
               SDFFRHQX1                1           8.2080  
                 XNOR2X1              643        1539.3420  
                 XNOR2X2                3           9.2340  
                 XNOR2XL                1           2.7360  
                  XOR2XL               43         117.6480  
                  XOR3X1                4          30.0960  
                  XOR3XL                6          45.1440  
# Pads: 0  
# Net: 13124  
# Special Net: 2  
# IO Pins: 
    ------------------------------
    Issued IO Information
    ------------------------------
    # Unplaced IO Pin  0  
    # Floating IO  0  
    # IO Connected to Non-IO Inst  
        ------------------------------
        IO Connected to Non-IO Inst
        ------------------------------
                     IO Name      Non-IO Inst Name  
             writeMem_val[0]  FE_OFC311_writeMem_val_0  
             writeMem_val[1]  FE_OFC310_writeMem_val_1  
             writeMem_val[2]  FE_OFC309_writeMem_val_2  
             writeMem_val[3]  FE_OFC308_writeMem_val_3  
             writeMem_val[4]  FE_OFC307_writeMem_val_4  
             writeMem_val[5]  FE_OFC306_writeMem_val_5  
             writeMem_val[6]  FE_OFC305_writeMem_val_6  
             writeMem_val[7]  FE_OFC304_writeMem_val_7  
             writeMem_val[8]  FE_OFC303_writeMem_val_8  
             writeMem_val[9]  FE_OFC302_writeMem_val_9  
            writeMem_val[10]  FE_OFC301_writeMem_val_10  
            writeMem_val[11]  FE_OFC300_writeMem_val_11  
            writeMem_val[12]  FE_OFC299_writeMem_val_12  
            writeMem_val[13]  FE_OFC298_writeMem_val_13  
            writeMem_val[14]  FE_OFC297_writeMem_val_14  
            writeMem_val[15]  FE_OFC296_writeMem_val_15  
            writeMem_val[16]  FE_OFC295_writeMem_val_16  
            writeMem_val[17]  FE_OFC294_writeMem_val_17  
            writeMem_val[18]  FE_OFC293_writeMem_val_18  
            writeMem_val[19]  FE_OFC292_writeMem_val_19  
            writeMem_val[20]  FE_OFC291_writeMem_val_20  
            writeMem_val[21]  FE_OFC290_writeMem_val_21  
            writeMem_val[22]  FE_OFC289_writeMem_val_22  
            writeMem_val[23]  FE_OFC288_writeMem_val_23  
            writeMem_val[24]  FE_OFC287_writeMem_val_24  
            writeMem_val[25]  FE_OFC286_writeMem_val_25  
            writeMem_val[26]  FE_OFC285_writeMem_val_26  
            writeMem_val[27]  FE_OFC284_writeMem_val_27  
            writeMem_val[28]  FE_OFC283_writeMem_val_28  
            writeMem_val[29]  FE_OFC282_writeMem_val_29  
            writeMem_val[30]  FE_OFC281_writeMem_val_30  
            writeMem_val[31]  FE_OFC280_writeMem_val_31  
            writeMem_val[32]  FE_OFC279_writeMem_val_32  
            writeMem_val[33]  FE_OFC278_writeMem_val_33  
             readMem_addr[0]  FE_OFC277_readMem_addr_0  
             readMem_addr[1]  FE_OFC276_readMem_addr_1  
             readMem_addr[2]  FE_OFC275_readMem_addr_2  
             readMem_addr[3]  FE_OFC274_readMem_addr_3  
             readMem_addr[4]  FE_OFC273_readMem_addr_4  
             readMem_addr[5]  FE_OFC272_readMem_addr_5  
            writeMem_addr[0]  FE_OFC271_writeMem_addr_0  
            writeMem_addr[1]  FE_OFC270_writeMem_addr_1  
            writeMem_addr[2]  FE_OFC269_writeMem_addr_2  
            writeMem_addr[3]  FE_OFC268_writeMem_addr_3  
            writeMem_addr[4]  FE_OFC267_writeMem_addr_4  
            writeMem_addr[5]  FE_OFC266_writeMem_addr_5  
                  EN_readMem  FE_OFC265_EN_readMem  
                 EN_writeMem  FE_OFC264_EN_writeMem  
              readMem_val[0]    memVal_data_reg[0]  
              readMem_val[1]    memVal_data_reg[1]  
              readMem_val[2]    memVal_data_reg[2]  
              readMem_val[3]    memVal_data_reg[3]  
              readMem_val[4]    memVal_data_reg[4]  
              readMem_val[5]    memVal_data_reg[5]  
              readMem_val[6]    memVal_data_reg[6]  
              readMem_val[7]    memVal_data_reg[7]  
              readMem_val[8]    memVal_data_reg[8]  
              readMem_val[9]    memVal_data_reg[9]  
             readMem_val[10]   memVal_data_reg[10]  
             readMem_val[11]   memVal_data_reg[11]  
             readMem_val[12]   memVal_data_reg[12]  
             readMem_val[13]   memVal_data_reg[13]  
             readMem_val[14]   memVal_data_reg[14]  
             readMem_val[15]   memVal_data_reg[15]  
             readMem_val[16]   memVal_data_reg[16]  
             readMem_val[17]   memVal_data_reg[17]  
             readMem_val[18]   memVal_data_reg[18]  
             readMem_val[19]   memVal_data_reg[19]  
             readMem_val[20]   memVal_data_reg[20]  
             readMem_val[21]   memVal_data_reg[21]  
             readMem_val[22]   memVal_data_reg[22]  
             readMem_val[23]   memVal_data_reg[23]  
             readMem_val[24]   memVal_data_reg[24]  
             readMem_val[25]   memVal_data_reg[25]  
             readMem_val[26]   memVal_data_reg[26]  
             readMem_val[27]   memVal_data_reg[27]  
             readMem_val[28]   memVal_data_reg[28]  
             readMem_val[29]   memVal_data_reg[29]  
             readMem_val[30]   memVal_data_reg[30]  
             readMem_val[31]   memVal_data_reg[31]  
             readMem_val[32]   memVal_data_reg[32]  
             readMem_val[33]   memVal_data_reg[33]  
              memVal_data[0]  FE_OFC547_FE_OFN262_memVal_data_0  
              memVal_data[1]  FE_OFC545_FE_OFN260_memVal_data_1  
              memVal_data[2]  FE_OFC548_FE_OFN258_memVal_data_2  
              memVal_data[3]  FE_OFC512_FE_OFN256_memVal_data_3  
              memVal_data[4]  FE_OFC511_FE_OFN254_memVal_data_4  
              memVal_data[5]  FE_OFC505_FE_OFN252_memVal_data_5  
              memVal_data[6]  FE_OFC509_FE_OFN250_memVal_data_6  
              memVal_data[7]  FE_OFC504_FE_OFN248_memVal_data_7  
              memVal_data[8]  FE_OFC554_FE_OFN246_memVal_data_8  
              memVal_data[9]  FE_OFC517_FE_OFN244_memVal_data_9  
             memVal_data[10]  FE_OFC508_FE_OFN242_memVal_data_10  
             memVal_data[11]  FE_OFC510_FE_OFN240_memVal_data_11  
             memVal_data[12]  FE_OFC513_FE_OFN238_memVal_data_12  
             memVal_data[13]  FE_OFC544_FE_OFN236_memVal_data_13  
             memVal_data[14]  FE_OFC546_FE_OFN234_memVal_data_14  
             memVal_data[15]  FE_OFC553_FE_OFN232_memVal_data_15  
             memVal_data[16]  FE_OFC550_FE_OFN230_memVal_data_16  
             memVal_data[17]  FE_OFC507_FE_OFN228_memVal_data_17  
             memVal_data[18]  FE_OFC549_FE_OFN226_memVal_data_18  
             memVal_data[19]  FE_OFC555_FE_OFN224_memVal_data_19  
             memVal_data[20]  FE_OFC502_FE_OFN222_memVal_data_20  
             memVal_data[21]  FE_OFC520_FE_OFN220_memVal_data_21  
             memVal_data[22]  FE_OFC524_FE_OFN218_memVal_data_22  
             memVal_data[23]  FE_OFC503_FE_OFN216_memVal_data_23  
             memVal_data[24]  FE_OFC516_FE_OFN214_memVal_data_24  
             memVal_data[25]  FE_OFC506_FE_OFN212_memVal_data_25  
             memVal_data[26]  FE_OFC522_FE_OFN210_memVal_data_26  
             memVal_data[27]  FE_OFC521_FE_OFN208_memVal_data_27  
             memVal_data[28]  FE_OFC523_FE_OFN206_memVal_data_28  
             memVal_data[29]  FE_OFC527_FE_OFN204_memVal_data_29  
             memVal_data[30]  FE_OFC526_FE_OFN202_memVal_data_30  
             memVal_data[31]  FE_OFC514_FE_OFN200_memVal_data_31  
             memVal_data[32]  FE_OFC515_FE_OFN198_memVal_data_32  
             memVal_data[33]  FE_OFC518_FE_OFN196_memVal_data_33  
               RDY_blockRead  FE_OFC1135_FE_OFN193_RDY_blockRead  
                VALID_memVal  FE_OFC525_FE_OFN191_VALID_memVal  
                     RDY_mac  FE_OFC501_FE_OFN189_RDY_mac  
                       RST_N      FE_PHC1183_RST_N  
                         CLK   CTS_ccl_a_buf_00391  
                EN_blockRead  FE_OFC187_EN_blockRead  
                      EN_mac      FE_OFC489_EN_mac  
              mac_vectB_3[0]  FE_OCPC849_mac_vectB_3_0  
              mac_vectB_3[1]  FE_OCPC1026_mac_vectB_3_1  
              mac_vectB_3[2]  FE_OFC586_mac_vectB_3_2  
              mac_vectB_3[3]  FE_OCPC864_mac_vectB_3_3  
              mac_vectB_3[4]  FE_OCPC885_mac_vectB_3_4  
              mac_vectB_3[5]  FE_OCPC812_mac_vectB_3_5  
              mac_vectB_3[6]  FE_OCPC826_mac_vectB_3_6  
              mac_vectB_3[7]  FE_OFC685_mac_vectB_3_7_dup  
              mac_vectB_3[8]  FE_OFC690_mac_vectB_3_8  
              mac_vectB_3[9]  FE_OFC596_mac_vectB_3_9  
             mac_vectB_3[10]  FE_OCPC777_mac_vectB_3_10  
             mac_vectB_3[11]  FE_OCPC772_mac_vectB_3_11  
             mac_vectB_3[12]  FE_OFC674_mac_vectB_3_12  
             mac_vectB_3[13]  FE_OCPC791_mac_vectB_3_13  
             mac_vectB_3[14]  FE_OFC1012_mac_vectB_3_14  
             mac_vectB_3[15]  FE_OFC464_mac_vectB_3_15  
              mac_vectA_3[0]  FE_OFC741_mac_vectA_3_0  
              mac_vectA_3[1]  FE_OFC597_mac_vectA_3_1  
              mac_vectA_3[2]  FE_OCPC1079_mac_vectA_3_2  
              mac_vectA_3[3]  FE_OFC466_mac_vectA_3_3  
              mac_vectA_3[4]  FE_OFC627_mac_vectA_3_4  
              mac_vectA_3[5]  FE_OFC693_mac_vectA_3_5  
              mac_vectA_3[6]  FE_OCPC1024_mac_vectA_3_6  
              mac_vectA_3[7]  FE_OFC475_mac_vectA_3_7  
              mac_vectA_3[8]  FE_OFC530_mac_vectA_3_8  
              mac_vectA_3[9]  FE_OFC660_mac_vectA_3_9  
             mac_vectA_3[10]  FE_OFC487_mac_vectA_3_10  
             mac_vectA_3[11]  FE_OFC435_mac_vectA_3_11  
             mac_vectA_3[12]  FE_OFC1011_mac_vectA_3_12  
             mac_vectA_3[13]  FE_OFC590_mac_vectA_3_13  
             mac_vectA_3[14]  FE_OFC400_mac_vectA_3_14  
             mac_vectA_3[15]  FE_OCPC1025_mac_vectA_3_15  
              mac_vectB_2[0]  FE_OCPC1056_mac_vectB_2_0  
              mac_vectB_2[1]  FE_OFC716_mac_vectB_2_1  
              mac_vectB_2[2]  FE_OFC629_mac_vectB_2_2  
              mac_vectB_2[3]  FE_OFC135_mac_vectB_2_3  
              mac_vectB_2[4]  FE_OFC134_mac_vectB_2_4  
              mac_vectB_2[5]  FE_OCPC1027_mac_vectB_2_5  
              mac_vectB_2[6]  FE_OFC432_mac_vectB_2_6  
              mac_vectB_2[7]          FE_RC_5817_0  
              mac_vectB_2[8]  FE_OFC702_mac_vectB_2_8  
              mac_vectB_2[9]  FE_OFC695_mac_vectB_2_9  
             mac_vectB_2[10]  FE_OCPC1030_mac_vectB_2_10  
             mac_vectB_2[11]  FE_OFC731_mac_vectB_2_11  
             mac_vectB_2[12]  FE_OFC722_mac_vectB_2_12  
             mac_vectB_2[13]  FE_OFC703_mac_vectB_2_13  
             mac_vectB_2[14]  FE_OCPC1084_mac_vectB_2_14  
             mac_vectB_2[15]  FE_OFC123_mac_vectB_2_15  
              mac_vectA_2[0]  FE_OFC122_mac_vectA_2_0_dup  
              mac_vectA_2[1]  FE_OFC121_mac_vectA_2_1  
              mac_vectA_2[2]  FE_OFC656_mac_vectA_2_2  
              mac_vectA_2[3]  FE_OFC725_mac_vectA_2_3  
              mac_vectA_2[4]  FE_OFC118_mac_vectA_2_4  
              mac_vectA_2[5]  FE_OFC117_mac_vectA_2_5  
              mac_vectA_2[6]  FE_OFC408_mac_vectA_2_6  
              mac_vectA_2[7]  FE_OFC729_mac_vectA_2_7  
              mac_vectA_2[8]  FE_OCPC1109_mac_vectA_2_8  
              mac_vectA_2[9]  FE_OCPC848_mac_vectA_2_9  
             mac_vectA_2[10]          FE_RC_3686_0  
             mac_vectA_2[11]  FE_OFC111_mac_vectA_2_11  
             mac_vectA_2[12]  FE_OFC110_mac_vectA_2_12  
             mac_vectA_2[13]  FE_OFC109_mac_vectA_2_13  
             mac_vectA_2[14]  FE_OCPC888_mac_vectA_2_14  
             mac_vectA_2[15]  FE_OCPC1130_mac_vectA_2_15  
              mac_vectB_1[0]  FE_OCPC796_mac_vectB_1_0  
              mac_vectB_1[1]  FE_OFC540_mac_vectB_1_1  
              mac_vectB_1[2]  FE_OFC406_mac_vectB_1_2  
              mac_vectB_1[3]  FE_OCPC812_mac_vectB_1_3  
              mac_vectB_1[4]  FE_OCPC810_mac_vectB_1_4  
              mac_vectB_1[5]  FE_OCPC955_mac_vectB_1_5  
              mac_vectB_1[6]  FE_OCPC917_mac_vectB_1_6  
              mac_vectB_1[7]  FE_OCPC820_mac_vectB_1_7  
              mac_vectB_1[8]          FE_RC_4699_0  
              mac_vectB_1[9]  FE_OCPC1108_mac_vectB_1_9  
             mac_vectB_1[10]  FE_OCPC911_mac_vectB_1_10  
             mac_vectB_1[11]  FE_OCPC912_mac_vectB_1_11  
             mac_vectB_1[12]  FE_OCPC954_mac_vectB_1_12  
             mac_vectB_1[13]  FE_OCPC934_mac_vectB_1_13  
             mac_vectB_1[14]          FE_RC_3669_0  
             mac_vectB_1[15]  FE_OCPC844_mac_vectB_1_15  
              mac_vectA_1[0]  FE_OFC743_mac_vectA_1_0  
              mac_vectA_1[1]  FE_OFC614_mac_vectA_1_1  
              mac_vectA_1[2]  FE_OFC618_mac_vectA_1_2  
              mac_vectA_1[3]  FE_OFC734_mac_vectA_1_3  
              mac_vectA_1[4]  FE_OFC723_mac_vectA_1_4  
              mac_vectA_1[5]  FE_OFC603_mac_vectA_1_5  
              mac_vectA_1[6]  FE_OFC641_mac_vectA_1_6  
              mac_vectA_1[7]  FE_OFC592_mac_vectA_1_7  
              mac_vectA_1[8]  FE_OFC575_mac_vectA_1_8  
              mac_vectA_1[9]  FE_OCPC1074_mac_vectA_1_9  
             mac_vectA_1[10]  FE_OFC470_mac_vectA_1_10  
             mac_vectA_1[11]  FE_OCPC931_mac_vectA_1_11  
             mac_vectA_1[12]  FE_OCPC870_mac_vectA_1_12  
             mac_vectA_1[13]  FE_OCPC1096_mac_vectA_1_13  
             mac_vectA_1[14]  FE_OCPC904_mac_vectA_1_14  
             mac_vectA_1[15]  FE_OFC60_mac_vectA_1_15  
              mac_vectB_0[0]  FE_OCPC871_mac_vectB_0_0  
              mac_vectB_0[1]  FE_OFC697_mac_vectB_0_1  
              mac_vectB_0[2]  FE_OCPC1046_mac_vectB_0_2  
              mac_vectB_0[3]  FE_OFC683_mac_vectB_0_3  
              mac_vectB_0[4]  FE_OFC714_mac_vectB_0_4  
              mac_vectB_0[5]  FE_OCPC833_mac_vectB_0_5  
              mac_vectB_0[6]  FE_OFC712_mac_vectB_0_6  
              mac_vectB_0[7]  FE_OFC687_mac_vectB_0_7  
              mac_vectB_0[8]  FE_OFC711_mac_vectB_0_8  
              mac_vectB_0[9]  FE_OFC667_mac_vectB_0_9  
             mac_vectB_0[10]  FE_OFC652_mac_vectB_0_10  
             mac_vectB_0[11]  FE_OFC719_mac_vectB_0_11  
             mac_vectB_0[12]  FE_OFC397_mac_vectB_0_12  
             mac_vectB_0[13]  FE_OCPC805_mac_vectB_0_13  
             mac_vectB_0[14]  FE_OCPC969_mac_vectB_0_14  
             mac_vectB_0[15]  FE_OCPC1041_mac_vectB_0_15  
              mac_vectA_0[0]  FE_OFC486_mac_vectA_0_0  
              mac_vectA_0[1]  FE_OFC752_mac_vectA_0_1  
              mac_vectA_0[2]  FE_OCPC896_mac_vectA_0_2  
              mac_vectA_0[3]  FE_OFC645_mac_vectA_0_3  
              mac_vectA_0[4]  FE_OFC745_mac_vectA_0_4  
              mac_vectA_0[5]  FE_OFC754_mac_vectA_0_5  
              mac_vectA_0[6]  FE_OFC746_mac_vectA_0_6  
              mac_vectA_0[7]  FE_OFC398_mac_vectA_0_7  
              mac_vectA_0[8]  FE_OFC28_mac_vectA_0_8  
              mac_vectA_0[9]  FE_OFC756_mac_vectA_0_9  
             mac_vectA_0[10]  FE_OCPC1072_mac_vectA_0_10  
             mac_vectA_0[11]  FE_OFC675_mac_vectA_0_11  
             mac_vectA_0[12]  FE_OFC726_mac_vectA_0_12  
             mac_vectA_0[13]  FE_OFC23_mac_vectA_0_13  
             mac_vectA_0[14]  FE_OFC727_mac_vectA_0_14  
             mac_vectA_0[15]  FE_OCPC1058_mac_vectA_0_15  251  251  
# Pins: 
    ------------------------------
    Correctness of Pin Connectivity for All Instances
    ------------------------------
    # Floating Terms  0  
    # Output Term Marked Tie Hi/Lo  0  
    # Output Term Shorted to PG Net  0  37621  
# PG Pins: 
    ------------------------------
    Correctness of PG Pin Connectivity for All Instances
    ------------------------------
    # Instances that No Net Defined for Any PG Pin  0  
    # Floating PG Terms  0  
    # PG Pins Connect to Non-PG Net  0  
    # Power Pins Connect Ground Net  0  
    # Ground Pins Connect Power Net  0  42908  
Average Pins Per Net(Signal): 2.867  

==============================
General Library Information
==============================
# Routing Layers: 11  
# Masterslice Layers: 4  
# Pin Layers: 
    General Caution:
        1) Library have Metal1 and Metal3 pins, you should setPlaceMode -prerouteAsObs {1 2 3}                                 to ensure these pins are accessible after placement

    ------------------------------
    Pin Layers
    ------------------------------
    Metal3  
    Metal1  2  
# Layers: 
    ------------------------------
    Layer Metal11 Information
    ------------------------------
    Type  Routing  
    Wire Pitch X  0.500 um  
    Wire Pitch Y  0.475 um  
    Offset X  0.600 um  
    Offset Y  0.570 um  
    Wire Width  0.220 um  
    Spacing  0.200 um  
    ------------------------------
    Layer Via10 Information
    ------------------------------
    Type  Cut  
    Wire Width  0.180 um  
    Vias  
        ------------------------------
        Via list in layer Via10
        ------------------------------
               Vias in Via10  Default  
        M11_M10_1x2_VH_S_NEW      Yes  
        M11_M10_1x2_VH_N_NEW      Yes  
            M11_M10_M_SH_NEW      Yes  
            M11_M10_M_NH_NEW      Yes  
              M11_M10_VV_NEW      Yes  
              M11_M10_HV_NEW      Yes  
              M11_M10_HH_NEW      Yes  
              M11_M10_VH_NEW      Yes  
            M11_M10_1x2_VH_S      Yes  
            M11_M10_1x2_VH_N      Yes  
            M11_M10_2x1_VH_W      Yes  
            M11_M10_2x1_VH_E      Yes  
                M11_M10_M_SH      Yes  
                M11_M10_M_NH      Yes  
                  M11_M10_VV      Yes  
                  M11_M10_HV      Yes  
                  M11_M10_HH      Yes  
                  M11_M10_VH      Yes  For complete list click here  
    ------------------------------
    Layer Metal10 Information
    ------------------------------
    Type  Routing  
    Wire Pitch X  0.500 um  
    Wire Pitch Y  0.190 um  
    Offset X  0.600 um  
    Offset Y  0.095 um  
    Wire Width  0.220 um  
    Spacing  0.200 um  
    ------------------------------
    Layer Via9 Information
    ------------------------------
    Type  Cut  
    Wire Width  0.180 um  
    Vias  
        ------------------------------
        Via list in layer Via9
        ------------------------------
                Vias in Via9  Default  
               M10_M9_2x2_HV      Yes  
             M10_M9_1x2_HV_S      Yes  
             M10_M9_1x2_HV_N      Yes  
             M10_M9_2x1_HV_W      Yes  
             M10_M9_2x1_HV_E      Yes  
                   M10_M9_HH      Yes  
                   M10_M9_VH      Yes  
                   M10_M9_VV      Yes  
                   M10_M9_HV      Yes  For complete list click here  
    ------------------------------
    Layer Metal9 Information
    ------------------------------
    Type  Routing  
    Wire Pitch X  0.200 um  
    Wire Pitch Y  0.190 um  
    Offset X  0.100 um  
    Offset Y  0.095 um  
    Wire Width  0.080 um  
    Spacing  0.070 um  
    ------------------------------
    Layer Via8 Information
    ------------------------------
    Type  Cut  
    Wire Width  0.070 um  
    Vias  
        ------------------------------
        Via list in layer Via8
        ------------------------------
                Vias in Via8  Default  
                M9_M8_2x2_VH      Yes  
              M9_M8_1x2_VH_S      Yes  
              M9_M8_1x2_VH_N      Yes  
              M9_M8_2x1_VH_W      Yes  
              M9_M8_2x1_VH_E      Yes  
                  M9_M8_M_SH      Yes  
                  M9_M8_M_NH      Yes  
                    M9_M8_VV      Yes  
                    M9_M8_HV      Yes  
                    M9_M8_HH      Yes  
                    M9_M8_VH      Yes  For complete list click here  
    ------------------------------
    Layer Metal8 Information
    ------------------------------
    Type  Routing  
    Wire Pitch X  0.200 um  
    Wire Pitch Y  0.190 um  
    Offset X  0.100 um  
    Offset Y  0.095 um  
    Wire Width  0.080 um  
    Spacing  0.070 um  
    ------------------------------
    Layer Via7 Information
    ------------------------------
    Type  Cut  
    Wire Width  0.070 um  
    Vias  
        ------------------------------
        Via list in layer Via7
        ------------------------------
                Vias in Via7  Default  
                M8_M7_2x2_HV      Yes  
              M8_M7_1x2_HV_S      Yes  
              M8_M7_1x2_HV_N      Yes  
              M8_M7_2x1_HV_W      Yes  
              M8_M7_2x1_HV_E      Yes  
                  M8_M7_M_WV      Yes  
                  M8_M7_M_EV      Yes  
                    M8_M7_HH      Yes  
                    M8_M7_VH      Yes  
                    M8_M7_VV      Yes  
                    M8_M7_HV      Yes  For complete list click here  
    ------------------------------
    Layer Metal7 Information
    ------------------------------
    Type  Routing  
    Wire Pitch X  0.200 um  
    Wire Pitch Y  0.190 um  
    Offset X  0.100 um  
    Offset Y  0.095 um  
    Wire Width  0.080 um  
    Spacing  0.070 um  
    ------------------------------
    Layer Via6 Information
    ------------------------------
    Type  Cut  
    Wire Width  0.070 um  
    Vias  
        ------------------------------
        Via list in layer Via6
        ------------------------------
                Vias in Via6  Default  
                M7_M6_2x2_VH      Yes  
              M7_M6_1x2_VH_S      Yes  
              M7_M6_1x2_VH_N      Yes  
              M7_M6_2x1_VH_W      Yes  
              M7_M6_2x1_VH_E      Yes  
                  M7_M6_M_SH      Yes  
                  M7_M6_M_NH      Yes  
                    M7_M6_VV      Yes  
                    M7_M6_HV      Yes  
                    M7_M6_HH      Yes  
                    M7_M6_VH      Yes  For complete list click here  
    ------------------------------
    Layer Metal6 Information
    ------------------------------
    Type  Routing  
    Wire Pitch X  0.200 um  
    Wire Pitch Y  0.190 um  
    Offset X  0.100 um  
    Offset Y  0.095 um  
    Wire Width  0.080 um  
    Spacing  0.070 um  
    ------------------------------
    Layer Via5 Information
    ------------------------------
    Type  Cut  
    Wire Width  0.070 um  
    Vias  
        ------------------------------
        Via list in layer Via5
        ------------------------------
                Vias in Via5  Default  
                M6_M5_2x2_HV      Yes  
              M6_M5_1x2_HV_S      Yes  
              M6_M5_1x2_HV_N      Yes  
              M6_M5_2x1_HV_W      Yes  
              M6_M5_2x1_HV_E      Yes  
                  M6_M5_M_WV      Yes  
                  M6_M5_M_EV      Yes  
                    M6_M5_HH      Yes  
                    M6_M5_VH      Yes  
                    M6_M5_VV      Yes  
                    M6_M5_HV      Yes  For complete list click here  
    ------------------------------
    Layer Metal5 Information
    ------------------------------
    Type  Routing  
    Wire Pitch X  0.200 um  
    Wire Pitch Y  0.190 um  
    Offset X  0.100 um  
    Offset Y  0.095 um  
    Wire Width  0.080 um  
    Spacing  0.070 um  
    ------------------------------
    Layer Via4 Information
    ------------------------------
    Type  Cut  
    Wire Width  0.070 um  
    Vias  
        ------------------------------
        Via list in layer Via4
        ------------------------------
                Vias in Via4  Default  
                M5_M4_2x2_VH      Yes  
              M5_M4_1x2_VH_S      Yes  
              M5_M4_1x2_VH_N      Yes  
              M5_M4_2x1_VH_W      Yes  
              M5_M4_2x1_VH_E      Yes  
                  M5_M4_M_SH      Yes  
                  M5_M4_M_NH      Yes  
                    M5_M4_VV      Yes  
                    M5_M4_HV      Yes  
                    M5_M4_HH      Yes  
                    M5_M4_VH      Yes  For complete list click here  
    ------------------------------
    Layer Metal4 Information
    ------------------------------
    Type  Routing  
    Wire Pitch X  0.200 um  
    Wire Pitch Y  0.190 um  
    Offset X  0.100 um  
    Offset Y  0.095 um  
    Wire Width  0.080 um  
    Spacing  0.070 um  
    ------------------------------
    Layer Via3 Information
    ------------------------------
    Type  Cut  
    Wire Width  0.070 um  
    Vias  
        ------------------------------
        Via list in layer Via3
        ------------------------------
                Vias in Via3  Default  
                M4_M3_2x2_HV      Yes  
              M4_M3_1x2_HV_S      Yes  
              M4_M3_1x2_HV_N      Yes  
              M4_M3_2x1_HV_W      Yes  
              M4_M3_2x1_HV_E      Yes  
                  M4_M3_M_WV      Yes  
                  M4_M3_M_EV      Yes  
                    M4_M3_HH      Yes  
                    M4_M3_VH      Yes  
                    M4_M3_VV      Yes  
                    M4_M3_HV      Yes  For complete list click here  
    ------------------------------
    Layer Metal3 Information
    ------------------------------
    Type  Routing  
    Wire Pitch X  0.200 um  
    Wire Pitch Y  0.190 um  
    Offset X  0.100 um  
    Offset Y  0.095 um  
    Wire Width  0.080 um  
    Spacing  0.070 um  
    ------------------------------
    Layer Via2 Information
    ------------------------------
    Type  Cut  
    Wire Width  0.070 um  
    Vias  
        ------------------------------
        Via list in layer Via2
        ------------------------------
                Vias in Via2  Default  
                M3_M2_2x2_VH      Yes  
              M3_M2_1x2_VH_S      Yes  
              M3_M2_1x2_VH_N      Yes  
              M3_M2_2x1_VH_W      Yes  
              M3_M2_2x1_VH_E      Yes  
                  M3_M2_M_SH      Yes  
                  M3_M2_M_NH      Yes  
                    M3_M2_VV      Yes  
                    M3_M2_HV      Yes  
                    M3_M2_HH      Yes  
                    M3_M2_VH      Yes  For complete list click here  
    ------------------------------
    Layer Metal2 Information
    ------------------------------
    Type  Routing  
    Wire Pitch X  0.200 um  
    Wire Pitch Y  0.190 um  
    Offset X  0.100 um  
    Offset Y  0.095 um  
    Wire Width  0.080 um  
    Spacing  0.070 um  
    ------------------------------
    Layer Via1 Information
    ------------------------------
    Type  Cut  
    Wire Width  0.070 um  
    Vias  
        ------------------------------
        Via list in layer Via1
        ------------------------------
                Vias in Via1  Default  
                M2_M1_2x2_HV      Yes  
              M2_M1_1x2_VV_C      Yes  
              M2_M1_1x2_VV_S      Yes  
              M2_M1_1x2_VV_N      Yes  
              M2_M1_2x1_HH_C      Yes  
              M2_M1_2x1_HH_W      Yes  
              M2_M1_2x1_HH_E      Yes  
              M2_M1_1x2_HV_S      Yes  
              M2_M1_1x2_HV_N      Yes  
              M2_M1_2x1_HV_W      Yes  
              M2_M1_2x1_HV_E      Yes  
                    M2_M1_HH      Yes  
                    M2_M1_VH      Yes  
                    M2_M1_VV      Yes  
                    M2_M1_HV      Yes  For complete list click here  
    ------------------------------
    Layer Metal1 Information
    ------------------------------
    Type  Routing  
    Wire Pitch X  0.200 um  
    Wire Pitch Y  0.190 um  
    Offset X  0.100 um  
    Offset Y  0.095 um  
    Wire Width  0.060 um  
    Spacing  0.060 um  
    ------------------------------
    Layer Cont Information
    ------------------------------
    Type  Cut  
    Wire Width  0.060 um  
    Vias  
        ------------------------------
        Via list in layer Cont
        ------------------------------  
    ------------------------------
    Layer Poly Information
    ------------------------------
    Type  Masterslice  
    ------------------------------
    Layer SiProt Information
    ------------------------------
    Type  Implant  
    Wire Width  0.220 um  
    ------------------------------
    Layer Plvt Information
    ------------------------------
    Type  Implant  
    Wire Width  0.120 um  
    ------------------------------
    Layer Nlvt Information
    ------------------------------
    Type  Implant  
    Wire Width  0.120 um  
    ------------------------------
    Layer Nzvt Information
    ------------------------------
    Type  Implant  
    Wire Width  0.350 um  
    ------------------------------
    Layer Pimp Information
    ------------------------------
    Type  Implant  
    Wire Width  0.120 um  
    ------------------------------
    Layer Phvt Information
    ------------------------------
    Type  Implant  
    Wire Width  0.120 um  
    ------------------------------
    Layer Nimp Information
    ------------------------------
    Type  Implant  
    Wire Width  0.120 um  
    ------------------------------
    Layer Nhvt Information
    ------------------------------
    Type  Implant  
    Wire Width  0.120 um  
    ------------------------------
    Layer Oxide Information
    ------------------------------
    Type  Masterslice  
    ------------------------------
    Layer OVERLAP Information
    ------------------------------
    Type  Overlap  36  
# Pins without Physical Port: 0  
# Pins in Library without Timing Lib: 
    ------------------------------
    Pins in Library without timing lib
    ------------------------------
               Cell Name      List of Pin Name  
                 DFF2RX1                    CK  
                 DFF2RX1                    D1  
                 DFF2RX1                    D2  
                 DFF2RX1                    Q1  
                 DFF2RX1                   Q1N  
                 DFF2RX1                    Q2  
                 DFF2RX1                   Q2N  
                 DFF2RX1                    RN  
                 DFF2RX2                    CK  
                 DFF2RX2                    D1  
                 DFF2RX2                    D2  
                 DFF2RX2                    Q1  
                 DFF2RX2                   Q1N  
                 DFF2RX2                    Q2  
                 DFF2RX2                   Q2N  
                 DFF2RX2                    RN  
                  DFF2X1                    CK  
                  DFF2X1                    D1  
                  DFF2X1                    D2  
                  DFF2X1                    Q1  
                  DFF2X1                   Q1N  
                  DFF2X1                    Q2  
                  DFF2X1                   Q2N  
                  DFF2X2                    CK  
                  DFF2X2                    D1  
                  DFF2X2                    D2  
                  DFF2X2                    Q1  
                  DFF2X2                   Q1N  
                  DFF2X2                    Q2  
                  DFF2X2                   Q2N  
                 DFF4RX1                    CK  
                 DFF4RX1                    D1  
                 DFF4RX1                    D2  
                 DFF4RX1                    D3  
                 DFF4RX1                    D4  
                 DFF4RX1                    Q1  
                 DFF4RX1                   Q1N  
                 DFF4RX1                    Q2  
                 DFF4RX1                   Q2N  
                 DFF4RX1                    Q3  
                 DFF4RX1                   Q3N  
                 DFF4RX1                    Q4  
                 DFF4RX1                   Q4N  
                 DFF4RX1                    RN  
                 DFF4RX2                    CK  
                 DFF4RX2                    D1  
                 DFF4RX2                    D2  
                 DFF4RX2                    D3  
                 DFF4RX2                    D4  
                 DFF4RX2                    Q1  
                 DFF4RX2                   Q1N  
                 DFF4RX2                    Q2  
                 DFF4RX2                   Q2N  
                 DFF4RX2                    Q3  
                 DFF4RX2                   Q3N  
                 DFF4RX2                    Q4  
                 DFF4RX2                   Q4N  
                 DFF4RX2                    RN  
                  DFF4X1                    CK  
                  DFF4X1                    D1  
                  DFF4X1                    D2  
                  DFF4X1                    D3  
                  DFF4X1                    D4  
                  DFF4X1                    Q1  
                  DFF4X1                   Q1N  
                  DFF4X1                    Q2  
                  DFF4X1                   Q2N  
                  DFF4X1                    Q3  
                  DFF4X1                   Q3N  
                  DFF4X1                    Q4  
                  DFF4X1                   Q4N  
                  DFF4X2                    CK  
                  DFF4X2                    D1  
                  DFF4X2                    D2  
                  DFF4X2                    D3  
                  DFF4X2                    D4  
                  DFF4X2                    Q1  
                  DFF4X2                   Q1N  
                  DFF4X2                    Q2  
                  DFF4X2                   Q2N  
                  DFF4X2                    Q3  
                  DFF4X2                   Q3N  
                  DFF4X2                    Q4  
                  DFF4X2                   Q4N  
                  FSWNX1                  PSOn  
                  FSWNX1              PSOn_out  
                   FSWX1                   PSO  
                   FSWX1               PSO_out  
                 HSWDNX1                 PSO1n  
                 HSWDNX1             PSO1n_out  
                 HSWDNX1                 PSO2n  
                 HSWDNX1             PSO2n_out  
                  HSWDX1                  PSO1  
                  HSWDX1              PSO1_out  
                  HSWDX1                  PSO2  
                  HSWDX1              PSO2_out  
                  HSWNX1                  PSOn  
                  HSWNX1              PSOn_out  
                   HSWX1                   PSO  
                   HSWX1               PSO_out  
            ISOHLDX1_OFF                     D  
            ISOHLDX1_OFF                   ISO  
            ISOHLDX1_OFF                     Q  
             ISOHLDX1_ON                     D  
             ISOHLDX1_ON                   ISO  
             ISOHLDX1_ON                     Q  
              ISOHX1_OFF                     A  
              ISOHX1_OFF                   ISO  
              ISOHX1_OFF                     Y  
               ISOHX1_ON                     A  
               ISOHX1_ON                   ISO  
               ISOHX1_ON                     Y  
              ISOLX1_OFF                     A  
              ISOLX1_OFF                   ISO  
              ISOLX1_OFF                     Y  
               ISOLX1_ON                     A  
               ISOLX1_ON                   ISO  
               ISOLX1_ON                     Y  
             ISONLX1_OFF                     A  
             ISONLX1_OFF                  ISOn  
             ISONLX1_OFF                     Y  
              ISONLX1_ON                     A  
              ISONLX1_ON                  ISOn  
              ISONLX1_ON                     Y  
    LSHL_ISOH_X1_FROM_OFF                     A  
    LSHL_ISOH_X1_FROM_OFF                   ISO  
    LSHL_ISOH_X1_FROM_OFF                     Y  
      LSHL_ISOH_X1_TO_ON                     A  
      LSHL_ISOH_X1_TO_ON                   ISO  
      LSHL_ISOH_X1_TO_ON                     Y  
    LSHL_ISOL_X1_FROM_OFF                     A  
    LSHL_ISOL_X1_FROM_OFF                   ISO  
    LSHL_ISOL_X1_FROM_OFF                     Y  
      LSHL_ISOL_X1_TO_ON                     A  
      LSHL_ISOL_X1_TO_ON                   ISO  
      LSHL_ISOL_X1_TO_ON                     Y  
    LSHL_ISONH_X1_FROM_OFF                     A  
    LSHL_ISONH_X1_FROM_OFF                  ISOn  
    LSHL_ISONH_X1_FROM_OFF                     Y  
     LSHL_ISONH_X1_TO_ON                     A  
     LSHL_ISONH_X1_TO_ON                  ISOn  
     LSHL_ISONH_X1_TO_ON                     Y  
    LSHL_ISONL_X1_FROM_OFF                     A  
    LSHL_ISONL_X1_FROM_OFF                  ISOn  
    LSHL_ISONL_X1_FROM_OFF                     Y  
     LSHL_ISONL_X1_TO_ON                     A  
     LSHL_ISONL_X1_TO_ON                  ISOn  
     LSHL_ISONL_X1_TO_ON                     Y  
             LSHLX1_FROM                     A  
             LSHLX1_FROM                     Y  
               LSHLX1_TO                     A  
               LSHLX1_TO                     Y  
    LSLH_ISOH_X1_FROM_OFF                     A  
    LSLH_ISOH_X1_FROM_OFF                   ISO  
    LSLH_ISOH_X1_FROM_OFF                     Y  
      LSLH_ISOH_X1_TO_ON                     A  
      LSLH_ISOH_X1_TO_ON                   ISO  
      LSLH_ISOH_X1_TO_ON                     Y  
    LSLH_ISOL_X1_FROM_OFF                     A  
    LSLH_ISOL_X1_FROM_OFF                   ISO  
    LSLH_ISOL_X1_FROM_OFF                     Y  
      LSLH_ISOL_X1_TO_ON                     A  
      LSLH_ISOL_X1_TO_ON                   ISO  
      LSLH_ISOL_X1_TO_ON                     Y  
    LSLH_ISONH_X1_FROM_OFF                     A  
    LSLH_ISONH_X1_FROM_OFF                  ISOn  
    LSLH_ISONH_X1_FROM_OFF                     Y  
     LSLH_ISONH_X1_TO_ON                     A  
     LSLH_ISONH_X1_TO_ON                  ISOn  
     LSLH_ISONH_X1_TO_ON                     Y  
    LSLH_ISONL_X1_FROM_OFF                     A  
    LSLH_ISONL_X1_FROM_OFF                  ISOn  
    LSLH_ISONL_X1_FROM_OFF                     Y  
     LSLH_ISONL_X1_TO_ON                     A  
     LSLH_ISONL_X1_TO_ON                  ISOn  
     LSLH_ISONL_X1_TO_ON                     Y  
             LSLHX1_FROM                     A  
             LSLHX1_FROM                     Y  
               LSLHX1_TO                     A  
               LSLHX1_TO                     Y  
                  PBUFX2                     A  
                  PBUFX2                     Y  
                  PINVX1                     A  
                  PINVX1                     Y  
                RDFFNQX1                   CKN  
                RDFFNQX1                     D  
                RDFFNQX1                     Q  
                RDFFNQX1                    RT  
               RDFFNRQX1                   CKN  
               RDFFNRQX1                     D  
               RDFFNRQX1                     Q  
               RDFFNRQX1                    RN  
               RDFFNRQX1                    RT  
                RDFFNRX1                   CKN  
                RDFFNRX1                     D  
                RDFFNRX1                     Q  
                RDFFNRX1                    QN  
                RDFFNRX1                    RN  
                RDFFNRX1                    RT  
               RDFFNSQX1                   CKN  
               RDFFNSQX1                     D  
               RDFFNSQX1                     Q  
               RDFFNSQX1                    RT  
               RDFFNSQX1                    SN  
              RDFFNSRQX1                   CKN  
              RDFFNSRQX1                     D  
              RDFFNSRQX1                     Q  
              RDFFNSRQX1                    RN  
              RDFFNSRQX1                    RT  
              RDFFNSRQX1                    SN  
               RDFFNSRX1                   CKN  
               RDFFNSRX1                     D  
               RDFFNSRX1                     Q  
               RDFFNSRX1                    QN  
               RDFFNSRX1                    RN  
               RDFFNSRX1                    RT  
               RDFFNSRX1                    SN  
                RDFFNSX1                   CKN  
                RDFFNSX1                     D  
                RDFFNSX1                     Q  
                RDFFNSX1                    QN  
                RDFFNSX1                    RT  
                RDFFNSX1                    SN  
                 RDFFNX1                   CKN  
                 RDFFNX1                     D  
                 RDFFNX1                     Q  
                 RDFFNX1                    QN  
                 RDFFNX1                    RT  
                 RDFFQX1                    CK  
                 RDFFQX1                     D  
                 RDFFQX1                     Q  
                 RDFFQX1                    RT  
                RDFFRQX1                    CK  
                RDFFRQX1                     D  
                RDFFRQX1                     Q  
                RDFFRQX1                    RN  
                RDFFRQX1                    RT  
                 RDFFRX1                    CK  
                 RDFFRX1                     D  
                 RDFFRX1                     Q  
                 RDFFRX1                    QN  
                 RDFFRX1                    RN  
                 RDFFRX1                    RT  
                RDFFSQX1                    CK  
                RDFFSQX1                     D  
                RDFFSQX1                     Q  
                RDFFSQX1                    RT  
                RDFFSQX1                    SN  
               RDFFSRQX1                    CK  
               RDFFSRQX1                     D  
               RDFFSRQX1                     Q  
               RDFFSRQX1                    RN  
               RDFFSRQX1                    RT  
               RDFFSRQX1                    SN  
                RDFFSRX1                    CK  
                RDFFSRX1                     D  
                RDFFSRX1                     Q  
                RDFFSRX1                    QN  
                RDFFSRX1                    RN  
                RDFFSRX1                    RT  
                RDFFSRX1                    SN  
                 RDFFSX1                    CK  
                 RDFFSX1                     D  
                 RDFFSX1                     Q  
                 RDFFSX1                    QN  
                 RDFFSX1                    RT  
                 RDFFSX1                    SN  
                  RDFFX1                    CK  
                  RDFFX1                     D  
                  RDFFX1                     Q  
                  RDFFX1                    QN  
                  RDFFX1                    RT  
                RTLATRX1                     D  
                RTLATRX1                     G  
                RTLATRX1                     Q  
                RTLATRX1                    QN  
                RTLATRX1                    RN  
                RTLATRX1                    RT  
               RTLATSRX1                     D  
               RTLATSRX1                     G  
               RTLATSRX1                     Q  
               RTLATSRX1                    QN  
               RTLATSRX1                    RN  
               RTLATSRX1                    RT  
               RTLATSRX1                    SN  
                 RTLATX1                     D  
                 RTLATX1                     G  
                 RTLATX1                     Q  
                 RTLATX1                    QN  
                 RTLATX1                    RT  
                SDFF2RX1                    CK  
                SDFF2RX1                    D1  
                SDFF2RX1                    D2  
                SDFF2RX1                    Q1  
                SDFF2RX1                   Q1N  
                SDFF2RX1                    Q2  
                SDFF2RX1                   Q2N  
                SDFF2RX1                    RN  
                SDFF2RX1                    SE  
                SDFF2RX1                    SI  
                SDFF2RX2                    CK  
                SDFF2RX2                    D1  
                SDFF2RX2                    D2  
                SDFF2RX2                    Q1  
                SDFF2RX2                   Q1N  
                SDFF2RX2                    Q2  
                SDFF2RX2                   Q2N  
                SDFF2RX2                    RN  
                SDFF2RX2                    SE  
                SDFF2RX2                    SI  
                SDFF4RX1                    CK  
                SDFF4RX1                    D1  
                SDFF4RX1                    D2  
                SDFF4RX1                    D3  
                SDFF4RX1                    D4  
                SDFF4RX1                    Q1  
                SDFF4RX1                   Q1N  
                SDFF4RX1                    Q2  
                SDFF4RX1                   Q2N  
                SDFF4RX1                    Q3  
                SDFF4RX1                   Q3N  
                SDFF4RX1                    Q4  
                SDFF4RX1                   Q4N  
                SDFF4RX1                    RN  
                SDFF4RX1                    SE  
                SDFF4RX1                    SI  
                SDFF4RX1                   VDD  
                SDFF4RX1                   VSS  
                SDFF4RX2                    CK  
                SDFF4RX2                    D1  
                SDFF4RX2                    D2  
                SDFF4RX2                    D3  
                SDFF4RX2                    D4  
                SDFF4RX2                    Q1  
                SDFF4RX2                   Q1N  
                SDFF4RX2                    Q2  
                SDFF4RX2                   Q2N  
                SDFF4RX2                    Q3  
                SDFF4RX2                   Q3N  
                SDFF4RX2                    Q4  
                SDFF4RX2                   Q4N  
                SDFF4RX2                    RN  
                SDFF4RX2                    SE  
                SDFF4RX2                    SI  
                SDFF4RX2                   VDD  
                SDFF4RX2                   VSS  
               SPDFF2RX1                    CK  
               SPDFF2RX1                    D1  
               SPDFF2RX1                    D2  
               SPDFF2RX1                    Q1  
               SPDFF2RX1                   Q1N  
               SPDFF2RX1                    Q2  
               SPDFF2RX1                   Q2N  
               SPDFF2RX1                    RN  
               SPDFF2RX1                    SE  
               SPDFF2RX1                   SI1  
               SPDFF2RX1                   SI2  
               SPDFF2RX2                    CK  
               SPDFF2RX2                    D1  
               SPDFF2RX2                    D2  
               SPDFF2RX2                    Q1  
               SPDFF2RX2                   Q1N  
               SPDFF2RX2                    Q2  
               SPDFF2RX2                   Q2N  
               SPDFF2RX2                    RN  
               SPDFF2RX2                    SE  
               SPDFF2RX2                   SI1  
               SPDFF2RX2                   SI2  
               SPDFF4RX1                    CK  
               SPDFF4RX1                    D1  
               SPDFF4RX1                    D2  
               SPDFF4RX1                    D3  
               SPDFF4RX1                    D4  
               SPDFF4RX1                    Q1  
               SPDFF4RX1                   Q1N  
               SPDFF4RX1                    Q2  
               SPDFF4RX1                   Q2N  
               SPDFF4RX1                    Q3  
               SPDFF4RX1                   Q3N  
               SPDFF4RX1                    Q4  
               SPDFF4RX1                   Q4N  
               SPDFF4RX1                    RN  
               SPDFF4RX1                    SE  
               SPDFF4RX1                   SI1  
               SPDFF4RX1                   SI2  
               SPDFF4RX1                   SI3  
               SPDFF4RX1                   SI4  
               SPDFF4RX2                    CK  
               SPDFF4RX2                    D1  
               SPDFF4RX2                    D2  
               SPDFF4RX2                    D3  
               SPDFF4RX2                    D4  
               SPDFF4RX2                    Q1  
               SPDFF4RX2                   Q1N  
               SPDFF4RX2                    Q2  
               SPDFF4RX2                   Q2N  
               SPDFF4RX2                    Q3  
               SPDFF4RX2                   Q3N  
               SPDFF4RX2                    Q4  
               SPDFF4RX2                   Q4N  
               SPDFF4RX2                    RN  
               SPDFF4RX2                    SE  
               SPDFF4RX2                   SI1  
               SPDFF4RX2                   SI2  
               SPDFF4RX2                   SI3  
               SPDFF4RX2                   SI4  
               SRDFFNQX1                   CKN  
               SRDFFNQX1                     D  
               SRDFFNQX1                     Q  
               SRDFFNQX1                    RT  
               SRDFFNQX1                    SE  
               SRDFFNQX1                    SI  
              SRDFFNRQX1                   CKN  
              SRDFFNRQX1                     D  
              SRDFFNRQX1                     Q  
              SRDFFNRQX1                    RN  
              SRDFFNRQX1                    RT  
              SRDFFNRQX1                    SE  
              SRDFFNRQX1                    SI  
               SRDFFNRX1                   CKN  
               SRDFFNRX1                     D  
               SRDFFNRX1                     Q  
               SRDFFNRX1                    QN  
               SRDFFNRX1                    RN  
               SRDFFNRX1                    RT  
               SRDFFNRX1                    SE  
               SRDFFNRX1                    SI  
              SRDFFNSQX1                   CKN  
              SRDFFNSQX1                     D  
              SRDFFNSQX1                     Q  
              SRDFFNSQX1                    RT  
              SRDFFNSQX1                    SE  
              SRDFFNSQX1                    SI  
              SRDFFNSQX1                    SN  
             SRDFFNSRQX1                   CKN  
             SRDFFNSRQX1                     D  
             SRDFFNSRQX1                     Q  
             SRDFFNSRQX1                    RN  
             SRDFFNSRQX1                    RT  
             SRDFFNSRQX1                    SE  
             SRDFFNSRQX1                    SI  
             SRDFFNSRQX1                    SN  
              SRDFFNSRX1                   CKN  
              SRDFFNSRX1                     D  
              SRDFFNSRX1                     Q  
              SRDFFNSRX1                    QN  
              SRDFFNSRX1                    RN  
              SRDFFNSRX1                    RT  
              SRDFFNSRX1                    SE  
              SRDFFNSRX1                    SI  
              SRDFFNSRX1                    SN  
               SRDFFNSX1                   CKN  
               SRDFFNSX1                     D  
               SRDFFNSX1                     Q  
               SRDFFNSX1                    QN  
               SRDFFNSX1                    RT  
               SRDFFNSX1                    SE  
               SRDFFNSX1                    SI  
               SRDFFNSX1                    SN  
                SRDFFNX1                   CKN  
                SRDFFNX1                     D  
                SRDFFNX1                     Q  
                SRDFFNX1                    QN  
                SRDFFNX1                    RT  
                SRDFFNX1                    SE  
                SRDFFNX1                    SI  
                SRDFFQX1                    CK  
                SRDFFQX1                     D  
                SRDFFQX1                     Q  
                SRDFFQX1                    RT  
                SRDFFQX1                    SE  
                SRDFFQX1                    SI  
               SRDFFRQX1                    CK  
               SRDFFRQX1                     D  
               SRDFFRQX1                     Q  
               SRDFFRQX1                    RN  
               SRDFFRQX1                    RT  
               SRDFFRQX1                    SE  
               SRDFFRQX1                    SI  
                SRDFFRX1                    CK  
                SRDFFRX1                     D  
                SRDFFRX1                     Q  
                SRDFFRX1                    QN  
                SRDFFRX1                    RN  
                SRDFFRX1                    RT  
                SRDFFRX1                    SE  
                SRDFFRX1                    SI  
               SRDFFSQX1                    CK  
               SRDFFSQX1                     D  
               SRDFFSQX1                     Q  
               SRDFFSQX1                    RT  
               SRDFFSQX1                    SE  
               SRDFFSQX1                    SI  
               SRDFFSQX1                    SN  
              SRDFFSRQX1                    CK  
              SRDFFSRQX1                     D  
              SRDFFSRQX1                     Q  
              SRDFFSRQX1                    RN  
              SRDFFSRQX1                    RT  
              SRDFFSRQX1                    SE  
              SRDFFSRQX1                    SI  
              SRDFFSRQX1                    SN  
               SRDFFSRX1                    CK  
               SRDFFSRX1                     D  
               SRDFFSRX1                     Q  
               SRDFFSRX1                    QN  
               SRDFFSRX1                    RN  
               SRDFFSRX1                    RT  
               SRDFFSRX1                    SE  
               SRDFFSRX1                    SI  
               SRDFFSRX1                    SN  
                SRDFFSX1                    CK  
                SRDFFSX1                     D  
                SRDFFSX1                     Q  
                SRDFFSX1                    QN  
                SRDFFSX1                    RT  
                SRDFFSX1                    SE  
                SRDFFSX1                    SI  
                SRDFFSX1                    SN  
                 SRDFFX1                    CK  
                 SRDFFX1                     D  
                 SRDFFX1                     Q  
                 SRDFFX1                    QN  
                 SRDFFX1                    RT  
                 SRDFFX1                    SE  
                 SRDFFX1                    SI  526  
# Pins Missing Direction: 0  
Antenna Summary Report: 
    General Caution:
    ------------------------------
    These Layers have antenna info
    ------------------------------
    Metal11  
    Via10  
    Metal10  
    Via9  
    Metal9  
    Via8  
    Metal8  
    Via7  
    Metal7  
    Via6  
    Metal6  
    Via5  
    Metal5  
    Via4  
    Metal4  
    Via3  
    Metal3  
    Via2  
    Metal2  
    Via1  
    Metal1  
    Cont  
    ------------------------------
    These Pins have antenna info
    ------------------------------
               Cell Name      List of Pin Name  
                ACHCONX2                    CI  
                ACHCONX2                     B  
                ACHCONX2                     A  
                ACHCONX2                   CON  
                 ADDFHX1                    CI  
                 ADDFHX1                     B  
                 ADDFHX1                     A  
                 ADDFHX1                     S  
                 ADDFHX1                    CO  
                 ADDFHX2                    CI  
                 ADDFHX2                     B  
                 ADDFHX2                     A  
                 ADDFHX2                     S  
                 ADDFHX2                    CO  
                 ADDFHX4                    CI  
                 ADDFHX4                     B  
                 ADDFHX4                     A  
                 ADDFHX4                     S  
                 ADDFHX4                    CO  
                 ADDFHXL                    CI  
                 ADDFHXL                     B  
                 ADDFHXL                     A  
                 ADDFHXL                     S  
                 ADDFHXL                    CO  
                  ADDFX1                    CI  
                  ADDFX1                     B  
                  ADDFX1                     A  
                  ADDFX1                     S  
                  ADDFX1                    CO  
                  ADDFX2                    CI  
                  ADDFX2                     B  
                  ADDFX2                     A  
                  ADDFX2                     S  
                  ADDFX2                    CO  
                  ADDFX4                    CI  
                  ADDFX4                     B  
                  ADDFX4                     A  
                  ADDFX4                     S  
                  ADDFX4                    CO  
                  ADDFXL                    CI  
                  ADDFXL                     B  
                  ADDFXL                     A  
                  ADDFXL                     S  
                  ADDFXL                    CO  
                  ADDHX1                     B  
                  ADDHX1                     A  
                  ADDHX1                     S  
                  ADDHX1                    CO  
                  ADDHX2                     B  
                  ADDHX2                     A  
                  ADDHX2                     S  
                  ADDHX2                    CO  
                  ADDHX4                     B  
                  ADDHX4                     A  
                  ADDHX4                     S  
                  ADDHX4                    CO  
                  ADDHXL                     B  
                  ADDHXL                     A  
                  ADDHXL                     S  
                  ADDHXL                    CO  
                  AND2X1                     B  
                  AND2X1                     A  
                  AND2X1                     Y  
                  AND2X2                     B  
                  AND2X2                     A  
                  AND2X2                     Y  
                  AND2X4                     B  
                  AND2X4                     A  
                  AND2X4                     Y  
                  AND2X6                     B  
                  AND2X6                     A  
                  AND2X6                     Y  
                  AND2X8                     B  
                  AND2X8                     A  
                  AND2X8                     Y  
                  AND2XL                     B  
                  AND2XL                     A  
                  AND2XL                     Y  
                  AND3X1                     C  
                  AND3X1                     B  
                  AND3X1                     A  
                  AND3X1                     Y  
                  AND3X2                     C  
                  AND3X2                     B  
                  AND3X2                     A  
                  AND3X2                     Y  
                  AND3X4                     C  
                  AND3X4                     B  
                  AND3X4                     A  
                  AND3X4                     Y  
                  AND3X6                     C  
                  AND3X6                     B  
                  AND3X6                     A  
                  AND3X6                     Y  
                  AND3X8                     C  
                  AND3X8                     B  
                  AND3X8                     A  
                  AND3X8                     Y  
                  AND3XL                     C  
                  AND3XL                     B  
                  AND3XL                     A  
                  AND3XL                     Y  
                  AND4X1                     D  
                  AND4X1                     C  
                  AND4X1                     B  
                  AND4X1                     A  
                  AND4X1                     Y  
                  AND4X2                     D  
                  AND4X2                     C  
                  AND4X2                     B  
                  AND4X2                     A  
                  AND4X2                     Y  
                  AND4X4                     D  
                  AND4X4                     C  
                  AND4X4                     B  
                  AND4X4                     A  
                  AND4X4                     Y  
                  AND4X6                     D  
                  AND4X6                     C  
                  AND4X6                     B  
                  AND4X6                     A  
                  AND4X6                     Y  
                  AND4X8                     D  
                  AND4X8                     C  
                  AND4X8                     B  
                  AND4X8                     A  
                  AND4X8                     Y  
                  AND4XL                     D  
                  AND4XL                     C  
                  AND4XL                     B  
                  AND4XL                     A  
                  AND4XL                     Y  
                 ANTENNA                     A  
                  AO21X1                    B0  
                  AO21X1                    A1  
                  AO21X1                    A0  
                  AO21X1                     Y  
                  AO21X2                    B0  
                  AO21X2                    A1  
                  AO21X2                    A0  
                  AO21X2                     Y  
                  AO21X4                    B0  
                  AO21X4                    A1  
                  AO21X4                    A0  
                  AO21X4                     Y  
                  AO21XL                    B0  
                  AO21XL                    A1  
                  AO21XL                    A0  
                  AO21XL                     Y  
                  AO22X1                    B1  
                  AO22X1                    B0  
                  AO22X1                    A1  
                  AO22X1                    A0  
                  AO22X1                     Y  
                  AO22X2                    B1  
                  AO22X2                    B0  
                  AO22X2                    A1  
                  AO22X2                    A0  
                  AO22X2                     Y  
                  AO22X4                    B1  
                  AO22X4                    B0  
                  AO22X4                    A1  
                  AO22X4                    A0  
                  AO22X4                     Y  
                  AO22XL                    B1  
                  AO22XL                    B0  
                  AO22XL                    A1  
                  AO22XL                    A0  
                  AO22XL                     Y  
                AOI211X1                    C0  
                AOI211X1                    B0  
                AOI211X1                    A1  
                AOI211X1                    A0  
                AOI211X1                     Y  
                AOI211X2                    C0  
                AOI211X2                    B0  
                AOI211X2                    A1  
                AOI211X2                    A0  
                AOI211X2                     Y  
                AOI211X4                    C0  
                AOI211X4                    B0  
                AOI211X4                    A1  
                AOI211X4                    A0  
                AOI211X4                     Y  
                AOI211XL                    C0  
                AOI211XL                    B0  
                AOI211XL                    A1  
                AOI211XL                    A0  
                AOI211XL                     Y  
                 AOI21X1                    B0  
                 AOI21X1                    A1  
                 AOI21X1                    A0  
                 AOI21X1                     Y  
                 AOI21X2                    B0  
                 AOI21X2                    A1  
                 AOI21X2                    A0  
                 AOI21X2                     Y  
                 AOI21X4                    B0  
                 AOI21X4                    A1  
                 AOI21X4                    A0  
                 AOI21X4                     Y  
                 AOI21XL                    B0  
                 AOI21XL                    A1  
                 AOI21XL                    A0  
                 AOI21XL                     Y  
                AOI221X1                    C0  
                AOI221X1                    B1  
                AOI221X1                    B0  
                AOI221X1                    A1  
                AOI221X1                    A0  
                AOI221X1                     Y  
                AOI221X2                    C0  
                AOI221X2                    B1  
                AOI221X2                    B0  
                AOI221X2                    A1  
                AOI221X2                    A0  
                AOI221X2                     Y  
                AOI221X4                    C0  
                AOI221X4                    B1  
                AOI221X4                    B0  
                AOI221X4                    A1  
                AOI221X4                    A0  
                AOI221X4                     Y  
                AOI221XL                    C0  
                AOI221XL                    B1  
                AOI221XL                    B0  
                AOI221XL                    A1  
                AOI221XL                    A0  
                AOI221XL                     Y  
                AOI222X1                    C1  
                AOI222X1                    C0  
                AOI222X1                    B1  
                AOI222X1                    B0  
                AOI222X1                    A1  
                AOI222X1                    A0  
                AOI222X1                     Y  
                AOI222X2                    C1  
                AOI222X2                    C0  
                AOI222X2                    B1  
                AOI222X2                    B0  
                AOI222X2                    A1  
                AOI222X2                    A0  
                AOI222X2                     Y  
                AOI222X4                    C1  
                AOI222X4                    C0  
                AOI222X4                    B1  
                AOI222X4                    B0  
                AOI222X4                    A1  
                AOI222X4                    A0  
                AOI222X4                     Y  
                AOI222XL                    C1  
                AOI222XL                    C0  
                AOI222XL                    B1  
                AOI222XL                    B0  
                AOI222XL                    A1  
                AOI222XL                    A0  
                AOI222XL                     Y  
                 AOI22X1                    B1  
                 AOI22X1                    B0  
                 AOI22X1                    A1  
                 AOI22X1                    A0  
                 AOI22X1                     Y  
                 AOI22X2                    B1  
                 AOI22X2                    B0  
                 AOI22X2                    A1  
                 AOI22X2                    A0  
                 AOI22X2                     Y  
                 AOI22X4                    B1  
                 AOI22X4                    B0  
                 AOI22X4                    A1  
                 AOI22X4                    A0  
                 AOI22X4                     Y  
                 AOI22XL                    B1  
                 AOI22XL                    B0  
                 AOI22XL                    A1  
                 AOI22XL                    A0  
                 AOI22XL                     Y  
               AOI2BB1X1                    B0  
               AOI2BB1X1                   A1N  
               AOI2BB1X1                   A0N  
               AOI2BB1X1                     Y  
               AOI2BB1X2                    B0  
               AOI2BB1X2                   A1N  
               AOI2BB1X2                   A0N  
               AOI2BB1X2                     Y  
               AOI2BB1X4                    B0  
               AOI2BB1X4                   A1N  
               AOI2BB1X4                   A0N  
               AOI2BB1X4                     Y  
               AOI2BB1XL                    B0  
               AOI2BB1XL                   A1N  
               AOI2BB1XL                   A0N  
               AOI2BB1XL                     Y  
               AOI2BB2X1                    B1  
               AOI2BB2X1                    B0  
               AOI2BB2X1                   A1N  
               AOI2BB2X1                   A0N  
               AOI2BB2X1                     Y  
               AOI2BB2X2                    B1  
               AOI2BB2X2                    B0  
               AOI2BB2X2                   A1N  
               AOI2BB2X2                   A0N  
               AOI2BB2X2                     Y  
               AOI2BB2X4                    B1  
               AOI2BB2X4                    B0  
               AOI2BB2X4                   A1N  
               AOI2BB2X4                   A0N  
               AOI2BB2X4                     Y  
               AOI2BB2XL                    B1  
               AOI2BB2XL                    B0  
               AOI2BB2XL                   A1N  
               AOI2BB2XL                   A0N  
               AOI2BB2XL                     Y  
                 AOI31X1                    B0  
                 AOI31X1                    A2  
                 AOI31X1                    A1  
                 AOI31X1                    A0  
                 AOI31X1                     Y  
                 AOI31X2                    B0  
                 AOI31X2                    A2  
                 AOI31X2                    A1  
                 AOI31X2                    A0  
                 AOI31X2                     Y  
                 AOI31X4                    B0  
                 AOI31X4                    A2  
                 AOI31X4                    A1  
                 AOI31X4                    A0  
                 AOI31X4                     Y  
                 AOI31XL                    B0  
                 AOI31XL                    A2  
                 AOI31XL                    A1  
                 AOI31XL                    A0  
                 AOI31XL                     Y  
                 AOI32X1                    B1  
                 AOI32X1                    B0  
                 AOI32X1                    A2  
                 AOI32X1                    A1  
                 AOI32X1                    A0  
                 AOI32X1                     Y  
                 AOI32X2                    B1  
                 AOI32X2                    B0  
                 AOI32X2                    A2  
                 AOI32X2                    A1  
                 AOI32X2                    A0  
                 AOI32X2                     Y  
                 AOI32X4                    B1  
                 AOI32X4                    B0  
                 AOI32X4                    A2  
                 AOI32X4                    A1  
                 AOI32X4                    A0  
                 AOI32X4                     Y  
                 AOI32XL                    B1  
                 AOI32XL                    B0  
                 AOI32XL                    A2  
                 AOI32XL                    A1  
                 AOI32XL                    A0  
                 AOI32XL                     Y  
                 AOI33X1                    B2  
                 AOI33X1                    B1  
                 AOI33X1                    B0  
                 AOI33X1                    A2  
                 AOI33X1                    A1  
                 AOI33X1                    A0  
                 AOI33X1                     Y  
                 AOI33X2                    B2  
                 AOI33X2                    B1  
                 AOI33X2                    B0  
                 AOI33X2                    A2  
                 AOI33X2                    A1  
                 AOI33X2                    A0  
                 AOI33X2                     Y  
                 AOI33X4                    B2  
                 AOI33X4                    B1  
                 AOI33X4                    B0  
                 AOI33X4                    A2  
                 AOI33X4                    A1  
                 AOI33X4                    A0  
                 AOI33X4                     Y  
                 AOI33XL                    B2  
                 AOI33XL                    B1  
                 AOI33XL                    B0  
                 AOI33XL                    A2  
                 AOI33XL                    A1  
                 AOI33XL                    A0  
                 AOI33XL                     Y  
                  BMXIX2                    X2  
                  BMXIX2                     S  
                  BMXIX2                    M1  
                  BMXIX2                    M0  
                  BMXIX2                     A  
                  BMXIX2                   PPN  
                  BMXIX4                    X2  
                  BMXIX4                     S  
                  BMXIX4                    M1  
                  BMXIX4                    M0  
                  BMXIX4                     A  
                  BMXIX4                   PPN  
                  BUFX12                     A  
                  BUFX12                     Y  
                  BUFX16                     A  
                  BUFX16                     Y  
                   BUFX2                     A  
                   BUFX2                     Y  
                  BUFX20                     A  
                  BUFX20                     Y  
                   BUFX3                     A  
                   BUFX3                     Y  
                   BUFX4                     A  
                   BUFX4                     Y  
                   BUFX6                     A  
                   BUFX6                     Y  
                   BUFX8                     A  
                   BUFX8                     Y  
              CLKAND2X12                     B  
              CLKAND2X12                     A  
              CLKAND2X12                     Y  
               CLKAND2X2                     B  
               CLKAND2X2                     A  
               CLKAND2X2                     Y  
               CLKAND2X3                     B  
               CLKAND2X3                     A  
               CLKAND2X3                     Y  
               CLKAND2X4                     B  
               CLKAND2X4                     A  
               CLKAND2X4                     Y  
               CLKAND2X6                     B  
               CLKAND2X6                     A  
               CLKAND2X6                     Y  
               CLKAND2X8                     B  
               CLKAND2X8                     A  
               CLKAND2X8                     Y  
               CLKBUFX12                     A  
               CLKBUFX12                     Y  
               CLKBUFX16                     A  
               CLKBUFX16                     Y  
                CLKBUFX2                     A  
                CLKBUFX2                     Y  
               CLKBUFX20                     A  
               CLKBUFX20                     Y  
                CLKBUFX3                     A  
                CLKBUFX3                     Y  
                CLKBUFX4                     A  
                CLKBUFX4                     Y  
                CLKBUFX6                     A  
                CLKBUFX6                     Y  
                CLKBUFX8                     A  
                CLKBUFX8                     Y  
                CLKINVX1                     A  
                CLKINVX1                     Y  
               CLKINVX12                     A  
               CLKINVX12                     Y  
               CLKINVX16                     A  
               CLKINVX16                     Y  
                CLKINVX2                     A  
                CLKINVX2                     Y  
               CLKINVX20                     A  
               CLKINVX20                     Y  
                CLKINVX3                     A  
                CLKINVX3                     Y  
                CLKINVX4                     A  
                CLKINVX4                     Y  
                CLKINVX6                     A  
                CLKINVX6                     Y  
                CLKINVX8                     A  
                CLKINVX8                     Y  
               CLKMX2X12                    S0  
               CLKMX2X12                     B  
               CLKMX2X12                     A  
               CLKMX2X12                     Y  
                CLKMX2X2                    S0  
                CLKMX2X2                     B  
                CLKMX2X2                     A  
                CLKMX2X2                     Y  
                CLKMX2X3                    S0  
                CLKMX2X3                     B  
                CLKMX2X3                     A  
                CLKMX2X3                     Y  
                CLKMX2X4                    S0  
                CLKMX2X4                     B  
                CLKMX2X4                     A  
                CLKMX2X4                     Y  
                CLKMX2X6                    S0  
                CLKMX2X6                     B  
                CLKMX2X6                     A  
                CLKMX2X6                     Y  
                CLKMX2X8                    S0  
                CLKMX2X8                     B  
                CLKMX2X8                     A  
                CLKMX2X8                     Y  
               CLKXOR2X1                     B  
               CLKXOR2X1                     A  
               CLKXOR2X1                     Y  
               CLKXOR2X2                     B  
               CLKXOR2X2                     A  
               CLKXOR2X2                     Y  
               CLKXOR2X4                     B  
               CLKXOR2X4                     A  
               CLKXOR2X4                     Y  
               CLKXOR2X8                     B  
               CLKXOR2X8                     A  
               CLKXOR2X8                     Y  
                 DFF2RX1                    CK  
                 DFF2RX1                    D1  
                 DFF2RX1                    D2  
                 DFF2RX1                    Q1  
                 DFF2RX1                   Q1N  
                 DFF2RX1                    Q2  
                 DFF2RX1                   Q2N  
                 DFF2RX1                    RN  
                 DFF2RX2                    CK  
                 DFF2RX2                    D1  
                 DFF2RX2                    D2  
                 DFF2RX2                    Q1  
                 DFF2RX2                   Q1N  
                 DFF2RX2                    Q2  
                 DFF2RX2                   Q2N  
                 DFF2RX2                    RN  
                  DFF2X1                    CK  
                  DFF2X1                    D1  
                  DFF2X1                    D2  
                  DFF2X1                    Q1  
                  DFF2X1                   Q1N  
                  DFF2X1                    Q2  
                  DFF2X1                   Q2N  
                  DFF2X2                    CK  
                  DFF2X2                    D1  
                  DFF2X2                    D2  
                  DFF2X2                    Q1  
                  DFF2X2                   Q1N  
                  DFF2X2                    Q2  
                  DFF2X2                   Q2N  
                 DFF4RX1                    CK  
                 DFF4RX1                    D1  
                 DFF4RX1                    D2  
                 DFF4RX1                    D3  
                 DFF4RX1                    D4  
                 DFF4RX1                    Q1  
                 DFF4RX1                   Q1N  
                 DFF4RX1                    Q2  
                 DFF4RX1                   Q2N  
                 DFF4RX1                    Q3  
                 DFF4RX1                   Q3N  
                 DFF4RX1                    Q4  
                 DFF4RX1                   Q4N  
                 DFF4RX1                    RN  
                 DFF4RX2                    CK  
                 DFF4RX2                    D1  
                 DFF4RX2                    D2  
                 DFF4RX2                    D3  
                 DFF4RX2                    D4  
                 DFF4RX2                    Q1  
                 DFF4RX2                   Q1N  
                 DFF4RX2                    Q2  
                 DFF4RX2                   Q2N  
                 DFF4RX2                    Q3  
                 DFF4RX2                   Q3N  
                 DFF4RX2                    Q4  
                 DFF4RX2                   Q4N  
                 DFF4RX2                    RN  
                  DFF4X1                    CK  
                  DFF4X1                    D1  
                  DFF4X1                    D2  
                  DFF4X1                    D3  
                  DFF4X1                    D4  
                  DFF4X1                    Q1  
                  DFF4X1                   Q1N  
                  DFF4X1                    Q2  
                  DFF4X1                   Q2N  
                  DFF4X1                    Q3  
                  DFF4X1                   Q3N  
                  DFF4X1                    Q4  
                  DFF4X1                   Q4N  
                  DFF4X2                    CK  
                  DFF4X2                    D1  
                  DFF4X2                    D2  
                  DFF4X2                    D3  
                  DFF4X2                    D4  
                  DFF4X2                    Q1  
                  DFF4X2                   Q1N  
                  DFF4X2                    Q2  
                  DFF4X2                   Q2N  
                  DFF4X2                    Q3  
                  DFF4X2                   Q3N  
                  DFF4X2                    Q4  
                  DFF4X2                   Q4N  
                 DFFHQX1                    CK  
                 DFFHQX1                     D  
                 DFFHQX1                     Q  
                 DFFHQX2                    CK  
                 DFFHQX2                     D  
                 DFFHQX2                     Q  
                 DFFHQX4                    CK  
                 DFFHQX4                     D  
                 DFFHQX4                     Q  
                 DFFHQX8                    CK  
                 DFFHQX8                     D  
                 DFFHQX8                     Q  
                DFFNSRX1                   CKN  
                DFFNSRX1                    SN  
                DFFNSRX1                    RN  
                DFFNSRX1                     D  
                DFFNSRX1                    QN  
                DFFNSRX1                     Q  
                DFFNSRX2                   CKN  
                DFFNSRX2                    SN  
                DFFNSRX2                    RN  
                DFFNSRX2                     D  
                DFFNSRX2                    QN  
                DFFNSRX2                     Q  
                DFFNSRX4                   CKN  
                DFFNSRX4                    SN  
                DFFNSRX4                    RN  
                DFFNSRX4                     D  
                DFFNSRX4                    QN  
                DFFNSRX4                     Q  
                DFFNSRXL                   CKN  
                DFFNSRXL                    SN  
                DFFNSRXL                    RN  
                DFFNSRXL                     D  
                DFFNSRXL                    QN  
                DFFNSRXL                     Q  
                  DFFQX1                    CK  
                  DFFQX1                     D  
                  DFFQX1                     Q  
                  DFFQX2                    CK  
                  DFFQX2                     D  
                  DFFQX2                     Q  
                  DFFQX4                    CK  
                  DFFQX4                     D  
                  DFFQX4                     Q  
                  DFFQXL                    CK  
                  DFFQXL                     D  
                  DFFQXL                     Q  
                DFFRHQX1                    CK  
                DFFRHQX1                    RN  
                DFFRHQX1                     D  
                DFFRHQX1                     Q  
                DFFRHQX2                    CK  
                DFFRHQX2                    RN  
                DFFRHQX2                     D  
                DFFRHQX2                     Q  
                DFFRHQX4                    CK  
                DFFRHQX4                    RN  
                DFFRHQX4                     D  
                DFFRHQX4                     Q  
                DFFRHQX8                    CK  
                DFFRHQX8                    RN  
                DFFRHQX8                     D  
                DFFRHQX8                     Q  
                  DFFRX1                    CK  
                  DFFRX1                    RN  
                  DFFRX1                     D  
                  DFFRX1                    QN  
                  DFFRX1                     Q  
                  DFFRX2                    CK  
                  DFFRX2                    RN  
                  DFFRX2                     D  
                  DFFRX2                    QN  
                  DFFRX2                     Q  
                  DFFRX4                    CK  
                  DFFRX4                    RN  
                  DFFRX4                     D  
                  DFFRX4                    QN  
                  DFFRX4                     Q  
                  DFFRXL                    CK  
                  DFFRXL                    RN  
                  DFFRXL                     D  
                  DFFRXL                    QN  
                  DFFRXL                     Q  
                DFFSHQX1                    CK  
                DFFSHQX1                    SN  
                DFFSHQX1                     D  
                DFFSHQX1                     Q  
                DFFSHQX2                    CK  
                DFFSHQX2                    SN  
                DFFSHQX2                     D  
                DFFSHQX2                     Q  
                DFFSHQX4                    CK  
                DFFSHQX4                    SN  
                DFFSHQX4                     D  
                DFFSHQX4                     Q  
                DFFSHQX8                    CK  
                DFFSHQX8                    SN  
                DFFSHQX8                     D  
                DFFSHQX8                     Q  
               DFFSRHQX1                    CK  
               DFFSRHQX1                    SN  
               DFFSRHQX1                    RN  
               DFFSRHQX1                     D  
               DFFSRHQX1                     Q  
               DFFSRHQX2                    CK  
               DFFSRHQX2                    SN  
               DFFSRHQX2                    RN  
               DFFSRHQX2                     D  
               DFFSRHQX2                     Q  
               DFFSRHQX4                    CK  
               DFFSRHQX4                    SN  
               DFFSRHQX4                    RN  
               DFFSRHQX4                     D  
               DFFSRHQX4                     Q  
               DFFSRHQX8                    CK  
               DFFSRHQX8                    SN  
               DFFSRHQX8                    RN  
               DFFSRHQX8                     D  
               DFFSRHQX8                     Q  
                 DFFSRX1                    CK  
                 DFFSRX1                    SN  
                 DFFSRX1                    RN  
                 DFFSRX1                     D  
                 DFFSRX1                    QN  
                 DFFSRX1                     Q  
                 DFFSRX2                    CK  
                 DFFSRX2                    SN  
                 DFFSRX2                    RN  
                 DFFSRX2                     D  
                 DFFSRX2                    QN  
                 DFFSRX2                     Q  
                 DFFSRX4                    CK  
                 DFFSRX4                    SN  
                 DFFSRX4                    RN  
                 DFFSRX4                     D  
                 DFFSRX4                    QN  
                 DFFSRX4                     Q  
                 DFFSRXL                    CK  
                 DFFSRXL                    SN  
                 DFFSRXL                    RN  
                 DFFSRXL                     D  
                 DFFSRXL                    QN  
                 DFFSRXL                     Q  
                  DFFSX1                    CK  
                  DFFSX1                    SN  
                  DFFSX1                     D  
                  DFFSX1                    QN  
                  DFFSX1                     Q  
                  DFFSX2                    CK  
                  DFFSX2                    SN  
                  DFFSX2                     D  
                  DFFSX2                    QN  
                  DFFSX2                     Q  
                  DFFSX4                    CK  
                  DFFSX4                    SN  
                  DFFSX4                     D  
                  DFFSX4                    QN  
                  DFFSX4                     Q  
                  DFFSXL                    CK  
                  DFFSXL                    SN  
                  DFFSXL                     D  
                  DFFSXL                    QN  
                  DFFSXL                     Q  
                 DFFTRX1                    CK  
                 DFFTRX1                    RN  
                 DFFTRX1                     D  
                 DFFTRX1                    QN  
                 DFFTRX1                     Q  
                 DFFTRX2                    CK  
                 DFFTRX2                    RN  
                 DFFTRX2                     D  
                 DFFTRX2                    QN  
                 DFFTRX2                     Q  
                 DFFTRX4                    CK  
                 DFFTRX4                    RN  
                 DFFTRX4                     D  
                 DFFTRX4                    QN  
                 DFFTRX4                     Q  
                 DFFTRXL                    CK  
                 DFFTRXL                    RN  
                 DFFTRXL                     D  
                 DFFTRXL                    QN  
                 DFFTRXL                     Q  
                   DFFX1                    CK  
                   DFFX1                     D  
                   DFFX1                    QN  
                   DFFX1                     Q  
                   DFFX2                    CK  
                   DFFX2                     D  
                   DFFX2                    QN  
                   DFFX2                     Q  
                   DFFX4                    CK  
                   DFFX4                     D  
                   DFFX4                    QN  
                   DFFX4                     Q  
                   DFFXL                    CK  
                   DFFXL                     D  
                   DFFXL                    QN  
                   DFFXL                     Q  
                  DLY1X1                     A  
                  DLY1X1                     Y  
                  DLY1X4                     A  
                  DLY1X4                     Y  
                  DLY2X1                     A  
                  DLY2X1                     Y  
                  DLY2X4                     A  
                  DLY2X4                     Y  
                  DLY3X1                     A  
                  DLY3X1                     Y  
                  DLY3X4                     A  
                  DLY3X4                     Y  
                  DLY4X1                     A  
                  DLY4X1                     Y  
                  DLY4X4                     A  
                  DLY4X4                     Y  
                EDFFHQX1                    CK  
                EDFFHQX1                     E  
                EDFFHQX1                     D  
                EDFFHQX1                     Q  
                EDFFHQX2                    CK  
                EDFFHQX2                     E  
                EDFFHQX2                     D  
                EDFFHQX2                     Q  
                EDFFHQX4                    CK  
                EDFFHQX4                     E  
                EDFFHQX4                     D  
                EDFFHQX4                     Q  
                EDFFHQX8                    CK  
                EDFFHQX8                     E  
                EDFFHQX8                     D  
                EDFFHQX8                     Q  
                EDFFTRX1                    CK  
                EDFFTRX1                    RN  
                EDFFTRX1                     E  
                EDFFTRX1                     D  
                EDFFTRX1                    QN  
                EDFFTRX1                     Q  
                EDFFTRX2                    CK  
                EDFFTRX2                    RN  
                EDFFTRX2                     E  
                EDFFTRX2                     D  
                EDFFTRX2                    QN  
                EDFFTRX2                     Q  
                EDFFTRX4                    CK  
                EDFFTRX4                    RN  
                EDFFTRX4                     E  
                EDFFTRX4                     D  
                EDFFTRX4                    QN  
                EDFFTRX4                     Q  
                EDFFTRXL                    CK  
                EDFFTRXL                    RN  
                EDFFTRXL                     E  
                EDFFTRXL                     D  
                EDFFTRXL                    QN  
                EDFFTRXL                     Q  
                  EDFFX1                    CK  
                  EDFFX1                     E  
                  EDFFX1                     D  
                  EDFFX1                    QN  
                  EDFFX1                     Q  
                  EDFFX2                    CK  
                  EDFFX2                     E  
                  EDFFX2                     D  
                  EDFFX2                    QN  
                  EDFFX2                     Q  
                  EDFFX4                    CK  
                  EDFFX4                     E  
                  EDFFX4                     D  
                  EDFFX4                    QN  
                  EDFFX4                     Q  
                  EDFFXL                    CK  
                  EDFFXL                     E  
                  EDFFXL                     D  
                  EDFFXL                    QN  
                  EDFFXL                     Q  
                  FSWNX1                  PSOn  
                  FSWNX1              PSOn_out  
                   FSWX1                   PSO  
                   FSWX1               PSO_out  
                  HOLDX1                     Y  
                 HSWDNX1                 PSO1n  
                 HSWDNX1             PSO1n_out  
                 HSWDNX1                 PSO2n  
                 HSWDNX1             PSO2n_out  
                  HSWDX1                  PSO1  
                  HSWDX1              PSO1_out  
                  HSWDX1                  PSO2  
                  HSWDX1              PSO2_out  
                  HSWNX1                  PSOn  
                  HSWNX1              PSOn_out  
                   HSWX1                   PSO  
                   HSWX1               PSO_out  
                   INVX1                     A  
                   INVX1                     Y  
                  INVX12                     A  
                  INVX12                     Y  
                  INVX16                     A  
                  INVX16                     Y  
                   INVX2                     A  
                   INVX2                     Y  
                  INVX20                     A  
                  INVX20                     Y  
                   INVX3                     A  
                   INVX3                     Y  
                   INVX4                     A  
                   INVX4                     Y  
                   INVX6                     A  
                   INVX6                     Y  
                   INVX8                     A  
                   INVX8                     Y  
                   INVXL                     A  
                   INVXL                     Y  
            ISOHLDX1_OFF                     D  
            ISOHLDX1_OFF                   ISO  
            ISOHLDX1_OFF                     Q  
             ISOHLDX1_ON                     D  
             ISOHLDX1_ON                   ISO  
             ISOHLDX1_ON                     Q  
              ISOHX1_OFF                     A  
              ISOHX1_OFF                   ISO  
              ISOHX1_OFF                     Y  
               ISOHX1_ON                     A  
               ISOHX1_ON                   ISO  
               ISOHX1_ON                     Y  
              ISOLX1_OFF                     A  
              ISOLX1_OFF                   ISO  
              ISOLX1_OFF                     Y  
               ISOLX1_ON                     A  
               ISOLX1_ON                   ISO  
               ISOLX1_ON                     Y  
             ISONLX1_OFF                     A  
             ISONLX1_OFF                  ISOn  
             ISONLX1_OFF                     Y  
              ISONLX1_ON                     A  
              ISONLX1_ON                  ISOn  
              ISONLX1_ON                     Y  
    LSHL_ISOH_X1_FROM_OFF                     A  
    LSHL_ISOH_X1_FROM_OFF                   ISO  
    LSHL_ISOH_X1_FROM_OFF                     Y  
      LSHL_ISOH_X1_TO_ON                     A  
      LSHL_ISOH_X1_TO_ON                   ISO  
      LSHL_ISOH_X1_TO_ON                     Y  
    LSHL_ISOL_X1_FROM_OFF                     A  
    LSHL_ISOL_X1_FROM_OFF                   ISO  
    LSHL_ISOL_X1_FROM_OFF                     Y  
      LSHL_ISOL_X1_TO_ON                     A  
      LSHL_ISOL_X1_TO_ON                   ISO  
      LSHL_ISOL_X1_TO_ON                     Y  
    LSHL_ISONH_X1_FROM_OFF                     A  
    LSHL_ISONH_X1_FROM_OFF                  ISOn  
    LSHL_ISONH_X1_FROM_OFF                     Y  
     LSHL_ISONH_X1_TO_ON                     A  
     LSHL_ISONH_X1_TO_ON                  ISOn  
     LSHL_ISONH_X1_TO_ON                     Y  
    LSHL_ISONL_X1_FROM_OFF                     A  
    LSHL_ISONL_X1_FROM_OFF                  ISOn  
    LSHL_ISONL_X1_FROM_OFF                     Y  
     LSHL_ISONL_X1_TO_ON                     A  
     LSHL_ISONL_X1_TO_ON                  ISOn  
     LSHL_ISONL_X1_TO_ON                     Y  
             LSHLX1_FROM                     A  
             LSHLX1_FROM                     Y  
               LSHLX1_TO                     A  
               LSHLX1_TO                     Y  
    LSLH_ISOH_X1_FROM_OFF                     A  
    LSLH_ISOH_X1_FROM_OFF                   ISO  
    LSLH_ISOH_X1_FROM_OFF                     Y  
      LSLH_ISOH_X1_TO_ON                     A  
      LSLH_ISOH_X1_TO_ON                   ISO  
      LSLH_ISOH_X1_TO_ON                     Y  
    LSLH_ISOL_X1_FROM_OFF                     A  
    LSLH_ISOL_X1_FROM_OFF                   ISO  
    LSLH_ISOL_X1_FROM_OFF                     Y  
      LSLH_ISOL_X1_TO_ON                     A  
      LSLH_ISOL_X1_TO_ON                   ISO  
      LSLH_ISOL_X1_TO_ON                     Y  
    LSLH_ISONH_X1_FROM_OFF                     A  
    LSLH_ISONH_X1_FROM_OFF                  ISOn  
    LSLH_ISONH_X1_FROM_OFF                     Y  
     LSLH_ISONH_X1_TO_ON                     A  
     LSLH_ISONH_X1_TO_ON                  ISOn  
     LSLH_ISONH_X1_TO_ON                     Y  
    LSLH_ISONL_X1_FROM_OFF                     A  
    LSLH_ISONL_X1_FROM_OFF                  ISOn  
    LSLH_ISONL_X1_FROM_OFF                     Y  
     LSLH_ISONL_X1_TO_ON                     A  
     LSLH_ISONL_X1_TO_ON                  ISOn  
     LSLH_ISONL_X1_TO_ON                     Y  
             LSLHX1_FROM                     A  
             LSLHX1_FROM                     Y  
               LSLHX1_TO                     A  
               LSLHX1_TO                     Y  
                MDFFHQX1                    CK  
                MDFFHQX1                    S0  
                MDFFHQX1                    D1  
                MDFFHQX1                    D0  
                MDFFHQX1                     Q  
                MDFFHQX2                    CK  
                MDFFHQX2                    S0  
                MDFFHQX2                    D1  
                MDFFHQX2                    D0  
                MDFFHQX2                     Q  
                MDFFHQX4                    CK  
                MDFFHQX4                    S0  
                MDFFHQX4                    D1  
                MDFFHQX4                    D0  
                MDFFHQX4                     Q  
                MDFFHQX8                    CK  
                MDFFHQX8                    S0  
                MDFFHQX8                    D1  
                MDFFHQX8                    D0  
                MDFFHQX8                     Q  
                   MX2X1                    S0  
                   MX2X1                     B  
                   MX2X1                     A  
                   MX2X1                     Y  
                   MX2X2                    S0  
                   MX2X2                     B  
                   MX2X2                     A  
                   MX2X2                     Y  
                   MX2X4                    S0  
                   MX2X4                     B  
                   MX2X4                     A  
                   MX2X4                     Y  
                   MX2X6                    S0  
                   MX2X6                     B  
                   MX2X6                     A  
                   MX2X6                     Y  
                   MX2X8                    S0  
                   MX2X8                     B  
                   MX2X8                     A  
                   MX2X8                     Y  
                   MX2XL                    S0  
                   MX2XL                     B  
                   MX2XL                     A  
                   MX2XL                     Y  
                   MX3X1                    S1  
                   MX3X1                    S0  
                   MX3X1                     C  
                   MX3X1                     B  
                   MX3X1                     A  
                   MX3X1                     Y  
                   MX3X2                    S1  
                   MX3X2                    S0  
                   MX3X2                     C  
                   MX3X2                     B  
                   MX3X2                     A  
                   MX3X2                     Y  
                   MX3X4                    S1  
                   MX3X4                    S0  
                   MX3X4                     C  
                   MX3X4                     B  
                   MX3X4                     A  
                   MX3X4                     Y  
                   MX3XL                    S1  
                   MX3XL                    S0  
                   MX3XL                     C  
                   MX3XL                     B  
                   MX3XL                     A  
                   MX3XL                     Y  
                   MX4X1                    S1  
                   MX4X1                    S0  
                   MX4X1                     D  
                   MX4X1                     C  
                   MX4X1                     B  
                   MX4X1                     A  
                   MX4X1                     Y  
                   MX4X2                    S1  
                   MX4X2                    S0  
                   MX4X2                     D  
                   MX4X2                     C  
                   MX4X2                     B  
                   MX4X2                     A  
                   MX4X2                     Y  
                   MX4X4                    S1  
                   MX4X4                    S0  
                   MX4X4                     D  
                   MX4X4                     C  
                   MX4X4                     B  
                   MX4X4                     A  
                   MX4X4                     Y  
                   MX4XL                    S1  
                   MX4XL                    S0  
                   MX4XL                     D  
                   MX4XL                     C  
                   MX4XL                     B  
                   MX4XL                     A  
                   MX4XL                     Y  
                  MXI2X1                    S0  
                  MXI2X1                     B  
                  MXI2X1                     A  
                  MXI2X1                     Y  
                  MXI2X2                    S0  
                  MXI2X2                     B  
                  MXI2X2                     A  
                  MXI2X2                     Y  
                  MXI2X4                    S0  
                  MXI2X4                     B  
                  MXI2X4                     A  
                  MXI2X4                     Y  
                  MXI2X6                    S0  
                  MXI2X6                     B  
                  MXI2X6                     A  
                  MXI2X6                     Y  
                  MXI2X8                    S0  
                  MXI2X8                     B  
                  MXI2X8                     A  
                  MXI2X8                     Y  
                  MXI2XL                    S0  
                  MXI2XL                     B  
                  MXI2XL                     A  
                  MXI2XL                     Y  
                  MXI3X1                    S1  
                  MXI3X1                    S0  
                  MXI3X1                     C  
                  MXI3X1                     B  
                  MXI3X1                     A  
                  MXI3X1                     Y  
                  MXI3X2                    S1  
                  MXI3X2                    S0  
                  MXI3X2                     C  
                  MXI3X2                     B  
                  MXI3X2                     A  
                  MXI3X2                     Y  
                  MXI3X4                    S1  
                  MXI3X4                    S0  
                  MXI3X4                     C  
                  MXI3X4                     B  
                  MXI3X4                     A  
                  MXI3X4                     Y  
                  MXI3XL                    S1  
                  MXI3XL                    S0  
                  MXI3XL                     C  
                  MXI3XL                     B  
                  MXI3XL                     A  
                  MXI3XL                     Y  
                  MXI4X1                    S1  
                  MXI4X1                    S0  
                  MXI4X1                     D  
                  MXI4X1                     C  
                  MXI4X1                     B  
                  MXI4X1                     A  
                  MXI4X1                     Y  
                  MXI4X2                    S1  
                  MXI4X2                    S0  
                  MXI4X2                     D  
                  MXI4X2                     C  
                  MXI4X2                     B  
                  MXI4X2                     A  
                  MXI4X2                     Y  
                  MXI4X4                    S1  
                  MXI4X4                    S0  
                  MXI4X4                     D  
                  MXI4X4                     C  
                  MXI4X4                     B  
                  MXI4X4                     A  
                  MXI4X4                     Y  
                  MXI4XL                    S1  
                  MXI4XL                    S0  
                  MXI4XL                     D  
                  MXI4XL                     C  
                  MXI4XL                     B  
                  MXI4XL                     A  
                  MXI4XL                     Y  
                NAND2BX1                     B  
                NAND2BX1                    AN  
                NAND2BX1                     Y  
                NAND2BX2                     B  
                NAND2BX2                    AN  
                NAND2BX2                     Y  
                NAND2BX4                     B  
                NAND2BX4                    AN  
                NAND2BX4                     Y  
                NAND2BXL                     B  
                NAND2BXL                    AN  
                NAND2BXL                     Y  
                 NAND2X1                     B  
                 NAND2X1                     A  
                 NAND2X1                     Y  
                 NAND2X2                     B  
                 NAND2X2                     A  
                 NAND2X2                     Y  
                 NAND2X4                     B  
                 NAND2X4                     A  
                 NAND2X4                     Y  
                 NAND2X6                     B  
                 NAND2X6                     A  
                 NAND2X6                     Y  
                 NAND2X8                     B  
                 NAND2X8                     A  
                 NAND2X8                     Y  
                 NAND2XL                     B  
                 NAND2XL                     A  
                 NAND2XL                     Y  
                NAND3BX1                     C  
                NAND3BX1                     B  
                NAND3BX1                    AN  
                NAND3BX1                     Y  
                NAND3BX2                     C  
                NAND3BX2                     B  
                NAND3BX2                    AN  
                NAND3BX2                     Y  
                NAND3BX4                     C  
                NAND3BX4                     B  
                NAND3BX4                    AN  
                NAND3BX4                     Y  
                NAND3BXL                     C  
                NAND3BXL                     B  
                NAND3BXL                    AN  
                NAND3BXL                     Y  
                 NAND3X1                     C  
                 NAND3X1                     B  
                 NAND3X1                     A  
                 NAND3X1                     Y  
                 NAND3X2                     C  
                 NAND3X2                     B  
                 NAND3X2                     A  
                 NAND3X2                     Y  
                 NAND3X4                     C  
                 NAND3X4                     B  
                 NAND3X4                     A  
                 NAND3X4                     Y  
                 NAND3X6                     C  
                 NAND3X6                     B  
                 NAND3X6                     A  
                 NAND3X6                     Y  
                 NAND3X8                     C  
                 NAND3X8                     B  
                 NAND3X8                     A  
                 NAND3X8                     Y  
                 NAND3XL                     C  
                 NAND3XL                     B  
                 NAND3XL                     A  
                 NAND3XL                     Y  
               NAND4BBX1                     D  
               NAND4BBX1                     C  
               NAND4BBX1                    BN  
               NAND4BBX1                    AN  
               NAND4BBX1                     Y  
               NAND4BBX2                     D  
               NAND4BBX2                     C  
               NAND4BBX2                    BN  
               NAND4BBX2                    AN  
               NAND4BBX2                     Y  
               NAND4BBX4                     D  
               NAND4BBX4                     C  
               NAND4BBX4                    BN  
               NAND4BBX4                    AN  
               NAND4BBX4                     Y  
               NAND4BBXL                     D  
               NAND4BBXL                     C  
               NAND4BBXL                    BN  
               NAND4BBXL                    AN  
               NAND4BBXL                     Y  
                NAND4BX1                     D  
                NAND4BX1                     C  
                NAND4BX1                     B  
                NAND4BX1                    AN  
                NAND4BX1                     Y  
                NAND4BX2                     D  
                NAND4BX2                     C  
                NAND4BX2                     B  
                NAND4BX2                    AN  
                NAND4BX2                     Y  
                NAND4BX4                     D  
                NAND4BX4                     C  
                NAND4BX4                     B  
                NAND4BX4                    AN  
                NAND4BX4                     Y  
                NAND4BXL                     D  
                NAND4BXL                     C  
                NAND4BXL                     B  
                NAND4BXL                    AN  
                NAND4BXL                     Y  
                 NAND4X1                     D  
                 NAND4X1                     C  
                 NAND4X1                     B  
                 NAND4X1                     A  
                 NAND4X1                     Y  
                 NAND4X2                     D  
                 NAND4X2                     C  
                 NAND4X2                     B  
                 NAND4X2                     A  
                 NAND4X2                     Y  
                 NAND4X4                     D  
                 NAND4X4                     C  
                 NAND4X4                     B  
                 NAND4X4                     A  
                 NAND4X4                     Y  
                 NAND4X6                     D  
                 NAND4X6                     C  
                 NAND4X6                     B  
                 NAND4X6                     A  
                 NAND4X6                     Y  
                 NAND4X8                     D  
                 NAND4X8                     C  
                 NAND4X8                     B  
                 NAND4X8                     A  
                 NAND4X8                     Y  
                 NAND4XL                     D  
                 NAND4XL                     C  
                 NAND4XL                     B  
                 NAND4XL                     A  
                 NAND4XL                     Y  
                 NOR2BX1                     B  
                 NOR2BX1                    AN  
                 NOR2BX1                     Y  
                 NOR2BX2                     B  
                 NOR2BX2                    AN  
                 NOR2BX2                     Y  
                 NOR2BX4                     B  
                 NOR2BX4                    AN  
                 NOR2BX4                     Y  
                 NOR2BXL                     B  
                 NOR2BXL                    AN  
                 NOR2BXL                     Y  
                  NOR2X1                     B  
                  NOR2X1                     A  
                  NOR2X1                     Y  
                  NOR2X2                     B  
                  NOR2X2                     A  
                  NOR2X2                     Y  
                  NOR2X4                     B  
                  NOR2X4                     A  
                  NOR2X4                     Y  
                  NOR2X6                     B  
                  NOR2X6                     A  
                  NOR2X6                     Y  
                  NOR2X8                     B  
                  NOR2X8                     A  
                  NOR2X8                     Y  
                  NOR2XL                     B  
                  NOR2XL                     A  
                  NOR2XL                     Y  
                 NOR3BX1                     C  
                 NOR3BX1                     B  
                 NOR3BX1                    AN  
                 NOR3BX1                     Y  
                 NOR3BX2                     C  
                 NOR3BX2                     B  
                 NOR3BX2                    AN  
                 NOR3BX2                     Y  
                 NOR3BX4                     C  
                 NOR3BX4                     B  
                 NOR3BX4                    AN  
                 NOR3BX4                     Y  
                 NOR3BXL                     C  
                 NOR3BXL                     B  
                 NOR3BXL                    AN  
                 NOR3BXL                     Y  
                  NOR3X1                     C  
                  NOR3X1                     B  
                  NOR3X1                     A  
                  NOR3X1                     Y  
                  NOR3X2                     C  
                  NOR3X2                     B  
                  NOR3X2                     A  
                  NOR3X2                     Y  
                  NOR3X4                     C  
                  NOR3X4                     B  
                  NOR3X4                     A  
                  NOR3X4                     Y  
                  NOR3X6                     C  
                  NOR3X6                     B  
                  NOR3X6                     A  
                  NOR3X6                     Y  
                  NOR3X8                     C  
                  NOR3X8                     B  
                  NOR3X8                     A  
                  NOR3X8                     Y  
                  NOR3XL                     C  
                  NOR3XL                     B  
                  NOR3XL                     A  
                  NOR3XL                     Y  
                NOR4BBX1                     D  
                NOR4BBX1                     C  
                NOR4BBX1                    BN  
                NOR4BBX1                    AN  
                NOR4BBX1                     Y  
                NOR4BBX2                     D  
                NOR4BBX2                     C  
                NOR4BBX2                    BN  
                NOR4BBX2                    AN  
                NOR4BBX2                     Y  
                NOR4BBX4                     D  
                NOR4BBX4                     C  
                NOR4BBX4                    BN  
                NOR4BBX4                    AN  
                NOR4BBX4                     Y  
                NOR4BBXL                     D  
                NOR4BBXL                     C  
                NOR4BBXL                    BN  
                NOR4BBXL                    AN  
                NOR4BBXL                     Y  
                 NOR4BX1                     D  
                 NOR4BX1                     C  
                 NOR4BX1                     B  
                 NOR4BX1                    AN  
                 NOR4BX1                     Y  
                 NOR4BX2                     D  
                 NOR4BX2                     C  
                 NOR4BX2                     B  
                 NOR4BX2                    AN  
                 NOR4BX2                     Y  
                 NOR4BX4                     D  
                 NOR4BX4                     C  
                 NOR4BX4                     B  
                 NOR4BX4                    AN  
                 NOR4BX4                     Y  
                 NOR4BXL                     D  
                 NOR4BXL                     C  
                 NOR4BXL                     B  
                 NOR4BXL                    AN  
                 NOR4BXL                     Y  
                  NOR4X1                     D  
                  NOR4X1                     C  
                  NOR4X1                     B  
                  NOR4X1                     A  
                  NOR4X1                     Y  
                  NOR4X2                     D  
                  NOR4X2                     C  
                  NOR4X2                     B  
                  NOR4X2                     A  
                  NOR4X2                     Y  
                  NOR4X4                     D  
                  NOR4X4                     C  
                  NOR4X4                     B  
                  NOR4X4                     A  
                  NOR4X4                     Y  
                  NOR4X6                     D  
                  NOR4X6                     C  
                  NOR4X6                     B  
                  NOR4X6                     A  
                  NOR4X6                     Y  
                  NOR4X8                     D  
                  NOR4X8                     C  
                  NOR4X8                     B  
                  NOR4X8                     A  
                  NOR4X8                     Y  
                  NOR4XL                     D  
                  NOR4XL                     C  
                  NOR4XL                     B  
                  NOR4XL                     A  
                  NOR4XL                     Y  
                  OA21X1                    B0  
                  OA21X1                    A1  
                  OA21X1                    A0  
                  OA21X1                     Y  
                  OA21X2                    B0  
                  OA21X2                    A1  
                  OA21X2                    A0  
                  OA21X2                     Y  
                  OA21X4                    B0  
                  OA21X4                    A1  
                  OA21X4                    A0  
                  OA21X4                     Y  
                  OA21XL                    B0  
                  OA21XL                    A1  
                  OA21XL                    A0  
                  OA21XL                     Y  
                  OA22X1                    B1  
                  OA22X1                    B0  
                  OA22X1                    A1  
                  OA22X1                    A0  
                  OA22X1                     Y  
                  OA22X2                    B1  
                  OA22X2                    B0  
                  OA22X2                    A1  
                  OA22X2                    A0  
                  OA22X2                     Y  
                  OA22X4                    B1  
                  OA22X4                    B0  
                  OA22X4                    A1  
                  OA22X4                    A0  
                  OA22X4                     Y  
                  OA22XL                    B1  
                  OA22XL                    B0  
                  OA22XL                    A1  
                  OA22XL                    A0  
                  OA22XL                     Y  
                OAI211X1                    C0  
                OAI211X1                    B0  
                OAI211X1                    A1  
                OAI211X1                    A0  
                OAI211X1                     Y  
                OAI211X2                    C0  
                OAI211X2                    B0  
                OAI211X2                    A1  
                OAI211X2                    A0  
                OAI211X2                     Y  
                OAI211X4                    C0  
                OAI211X4                    B0  
                OAI211X4                    A1  
                OAI211X4                    A0  
                OAI211X4                     Y  
                OAI211XL                    C0  
                OAI211XL                    B0  
                OAI211XL                    A1  
                OAI211XL                    A0  
                OAI211XL                     Y  
                 OAI21X1                    B0  
                 OAI21X1                    A1  
                 OAI21X1                    A0  
                 OAI21X1                     Y  
                 OAI21X2                    B0  
                 OAI21X2                    A1  
                 OAI21X2                    A0  
                 OAI21X2                     Y  
                 OAI21X4                    B0  
                 OAI21X4                    A1  
                 OAI21X4                    A0  
                 OAI21X4                     Y  
                 OAI21XL                    B0  
                 OAI21XL                    A1  
                 OAI21XL                    A0  
                 OAI21XL                     Y  
                OAI221X1                    C0  
                OAI221X1                    B1  
                OAI221X1                    B0  
                OAI221X1                    A1  
                OAI221X1                    A0  
                OAI221X1                     Y  
                OAI221X2                    C0  
                OAI221X2                    B1  
                OAI221X2                    B0  
                OAI221X2                    A1  
                OAI221X2                    A0  
                OAI221X2                     Y  
                OAI221X4                    C0  
                OAI221X4                    B1  
                OAI221X4                    B0  
                OAI221X4                    A1  
                OAI221X4                    A0  
                OAI221X4                     Y  
                OAI221XL                    C0  
                OAI221XL                    B1  
                OAI221XL                    B0  
                OAI221XL                    A1  
                OAI221XL                    A0  
                OAI221XL                     Y  
                OAI222X1                    C1  
                OAI222X1                    C0  
                OAI222X1                    B1  
                OAI222X1                    B0  
                OAI222X1                    A1  
                OAI222X1                    A0  
                OAI222X1                     Y  
                OAI222X2                    C1  
                OAI222X2                    C0  
                OAI222X2                    B1  
                OAI222X2                    B0  
                OAI222X2                    A1  
                OAI222X2                    A0  
                OAI222X2                     Y  
                OAI222X4                    C1  
                OAI222X4                    C0  
                OAI222X4                    B1  
                OAI222X4                    B0  
                OAI222X4                    A1  
                OAI222X4                    A0  
                OAI222X4                     Y  
                OAI222XL                    C1  
                OAI222XL                    C0  
                OAI222XL                    B1  
                OAI222XL                    B0  
                OAI222XL                    A1  
                OAI222XL                    A0  
                OAI222XL                     Y  
                 OAI22X1                    B1  
                 OAI22X1                    B0  
                 OAI22X1                    A1  
                 OAI22X1                    A0  
                 OAI22X1                     Y  
                 OAI22X2                    B1  
                 OAI22X2                    B0  
                 OAI22X2                    A1  
                 OAI22X2                    A0  
                 OAI22X2                     Y  
                 OAI22X4                    B1  
                 OAI22X4                    B0  
                 OAI22X4                    A1  
                 OAI22X4                    A0  
                 OAI22X4                     Y  
                 OAI22XL                    B1  
                 OAI22XL                    B0  
                 OAI22XL                    A1  
                 OAI22XL                    A0  
                 OAI22XL                     Y  
               OAI2BB1X1                    B0  
               OAI2BB1X1                   A1N  
               OAI2BB1X1                   A0N  
               OAI2BB1X1                     Y  
               OAI2BB1X2                    B0  
               OAI2BB1X2                   A1N  
               OAI2BB1X2                   A0N  
               OAI2BB1X2                     Y  
               OAI2BB1X4                    B0  
               OAI2BB1X4                   A1N  
               OAI2BB1X4                   A0N  
               OAI2BB1X4                     Y  
               OAI2BB1XL                    B0  
               OAI2BB1XL                   A1N  
               OAI2BB1XL                   A0N  
               OAI2BB1XL                     Y  
               OAI2BB2X1                    B1  
               OAI2BB2X1                    B0  
               OAI2BB2X1                   A1N  
               OAI2BB2X1                   A0N  
               OAI2BB2X1                     Y  
               OAI2BB2X2                    B1  
               OAI2BB2X2                    B0  
               OAI2BB2X2                   A1N  
               OAI2BB2X2                   A0N  
               OAI2BB2X2                     Y  
               OAI2BB2X4                    B1  
               OAI2BB2X4                    B0  
               OAI2BB2X4                   A1N  
               OAI2BB2X4                   A0N  
               OAI2BB2X4                     Y  
               OAI2BB2XL                    B1  
               OAI2BB2XL                    B0  
               OAI2BB2XL                   A1N  
               OAI2BB2XL                   A0N  
               OAI2BB2XL                     Y  
                 OAI31X1                    B0  
                 OAI31X1                    A2  
                 OAI31X1                    A1  
                 OAI31X1                    A0  
                 OAI31X1                     Y  
                 OAI31X2                    B0  
                 OAI31X2                    A2  
                 OAI31X2                    A1  
                 OAI31X2                    A0  
                 OAI31X2                     Y  
                 OAI31X4                    B0  
                 OAI31X4                    A2  
                 OAI31X4                    A1  
                 OAI31X4                    A0  
                 OAI31X4                     Y  
                 OAI31XL                    B0  
                 OAI31XL                    A2  
                 OAI31XL                    A1  
                 OAI31XL                    A0  
                 OAI31XL                     Y  
                 OAI32X1                    B1  
                 OAI32X1                    B0  
                 OAI32X1                    A2  
                 OAI32X1                    A1  
                 OAI32X1                    A0  
                 OAI32X1                     Y  
                 OAI32X2                    B1  
                 OAI32X2                    B0  
                 OAI32X2                    A2  
                 OAI32X2                    A1  
                 OAI32X2                    A0  
                 OAI32X2                     Y  
                 OAI32X4                    B1  
                 OAI32X4                    B0  
                 OAI32X4                    A2  
                 OAI32X4                    A1  
                 OAI32X4                    A0  
                 OAI32X4                     Y  
                 OAI32XL                    B1  
                 OAI32XL                    B0  
                 OAI32XL                    A2  
                 OAI32XL                    A1  
                 OAI32XL                    A0  
                 OAI32XL                     Y  
                 OAI33X1                    B2  
                 OAI33X1                    B1  
                 OAI33X1                    B0  
                 OAI33X1                    A2  
                 OAI33X1                    A1  
                 OAI33X1                    A0  
                 OAI33X1                     Y  
                 OAI33X2                    B2  
                 OAI33X2                    B1  
                 OAI33X2                    B0  
                 OAI33X2                    A2  
                 OAI33X2                    A1  
                 OAI33X2                    A0  
                 OAI33X2                     Y  
                 OAI33X4                    B2  
                 OAI33X4                    B1  
                 OAI33X4                    B0  
                 OAI33X4                    A2  
                 OAI33X4                    A1  
                 OAI33X4                    A0  
                 OAI33X4                     Y  
                 OAI33XL                    B2  
                 OAI33XL                    B1  
                 OAI33XL                    B0  
                 OAI33XL                    A2  
                 OAI33XL                    A1  
                 OAI33XL                    A0  
                 OAI33XL                     Y  
                   OR2X1                     B  
                   OR2X1                     A  
                   OR2X1                     Y  
                   OR2X2                     B  
                   OR2X2                     A  
                   OR2X2                     Y  
                   OR2X4                     B  
                   OR2X4                     A  
                   OR2X4                     Y  
                   OR2X6                     B  
                   OR2X6                     A  
                   OR2X6                     Y  
                   OR2X8                     B  
                   OR2X8                     A  
                   OR2X8                     Y  
                   OR2XL                     B  
                   OR2XL                     A  
                   OR2XL                     Y  
                   OR3X1                     C  
                   OR3X1                     B  
                   OR3X1                     A  
                   OR3X1                     Y  
                   OR3X2                     C  
                   OR3X2                     B  
                   OR3X2                     A  
                   OR3X2                     Y  
                   OR3X4                     C  
                   OR3X4                     B  
                   OR3X4                     A  
                   OR3X4                     Y  
                   OR3X6                     C  
                   OR3X6                     B  
                   OR3X6                     A  
                   OR3X6                     Y  
                   OR3X8                     C  
                   OR3X8                     B  
                   OR3X8                     A  
                   OR3X8                     Y  
                   OR3XL                     C  
                   OR3XL                     B  
                   OR3XL                     A  
                   OR3XL                     Y  
                   OR4X1                     D  
                   OR4X1                     C  
                   OR4X1                     B  
                   OR4X1                     A  
                   OR4X1                     Y  
                   OR4X2                     D  
                   OR4X2                     C  
                   OR4X2                     B  
                   OR4X2                     A  
                   OR4X2                     Y  
                   OR4X4                     D  
                   OR4X4                     C  
                   OR4X4                     B  
                   OR4X4                     A  
                   OR4X4                     Y  
                   OR4X6                     D  
                   OR4X6                     C  
                   OR4X6                     B  
                   OR4X6                     A  
                   OR4X6                     Y  
                   OR4X8                     D  
                   OR4X8                     C  
                   OR4X8                     B  
                   OR4X8                     A  
                   OR4X8                     Y  
                   OR4XL                     D  
                   OR4XL                     C  
                   OR4XL                     B  
                   OR4XL                     A  
                   OR4XL                     Y  
                  PBUFX2                     A  
                  PBUFX2                     Y  
                  PINVX1                     A  
                  PINVX1                     Y  
                RDFFNQX1                   CKN  
                RDFFNQX1                     D  
                RDFFNQX1                     Q  
                RDFFNQX1                    RT  
               RDFFNRQX1                   CKN  
               RDFFNRQX1                     D  
               RDFFNRQX1                     Q  
               RDFFNRQX1                    RN  
               RDFFNRQX1                    RT  
                RDFFNRX1                   CKN  
                RDFFNRX1                     D  
                RDFFNRX1                     Q  
                RDFFNRX1                    QN  
                RDFFNRX1                    RN  
                RDFFNRX1                    RT  
               RDFFNSQX1                   CKN  
               RDFFNSQX1                     D  
               RDFFNSQX1                     Q  
               RDFFNSQX1                    RT  
               RDFFNSQX1                    SN  
              RDFFNSRQX1                   CKN  
              RDFFNSRQX1                     D  
              RDFFNSRQX1                     Q  
              RDFFNSRQX1                    RN  
              RDFFNSRQX1                    RT  
              RDFFNSRQX1                    SN  
               RDFFNSRX1                   CKN  
               RDFFNSRX1                     D  
               RDFFNSRX1                     Q  
               RDFFNSRX1                    QN  
               RDFFNSRX1                    RN  
               RDFFNSRX1                    RT  
               RDFFNSRX1                    SN  
                RDFFNSX1                   CKN  
                RDFFNSX1                     D  
                RDFFNSX1                     Q  
                RDFFNSX1                    QN  
                RDFFNSX1                    RT  
                RDFFNSX1                    SN  
                 RDFFNX1                   CKN  
                 RDFFNX1                     D  
                 RDFFNX1                     Q  
                 RDFFNX1                    QN  
                 RDFFNX1                    RT  
                 RDFFQX1                    CK  
                 RDFFQX1                     D  
                 RDFFQX1                     Q  
                 RDFFQX1                    RT  
                RDFFRQX1                    CK  
                RDFFRQX1                     D  
                RDFFRQX1                     Q  
                RDFFRQX1                    RN  
                RDFFRQX1                    RT  
                 RDFFRX1                    CK  
                 RDFFRX1                     D  
                 RDFFRX1                     Q  
                 RDFFRX1                    QN  
                 RDFFRX1                    RN  
                 RDFFRX1                    RT  
                RDFFSQX1                    CK  
                RDFFSQX1                     D  
                RDFFSQX1                     Q  
                RDFFSQX1                    RT  
                RDFFSQX1                    SN  
               RDFFSRQX1                    CK  
               RDFFSRQX1                     D  
               RDFFSRQX1                     Q  
               RDFFSRQX1                    RN  
               RDFFSRQX1                    RT  
               RDFFSRQX1                    SN  
                RDFFSRX1                    CK  
                RDFFSRX1                     D  
                RDFFSRX1                     Q  
                RDFFSRX1                    QN  
                RDFFSRX1                    RN  
                RDFFSRX1                    RT  
                RDFFSRX1                    SN  
                 RDFFSX1                    CK  
                 RDFFSX1                     D  
                 RDFFSX1                     Q  
                 RDFFSX1                    QN  
                 RDFFSX1                    RT  
                 RDFFSX1                    SN  
                  RDFFX1                    CK  
                  RDFFX1                     D  
                  RDFFX1                     Q  
                  RDFFX1                    QN  
                  RDFFX1                    RT  
                RTLATRX1                     D  
                RTLATRX1                     G  
                RTLATRX1                     Q  
                RTLATRX1                    QN  
                RTLATRX1                    RN  
                RTLATRX1                    RT  
               RTLATSRX1                     D  
               RTLATSRX1                     G  
               RTLATSRX1                     Q  
               RTLATSRX1                    QN  
               RTLATSRX1                    RN  
               RTLATSRX1                    RT  
               RTLATSRX1                    SN  
                 RTLATX1                     D  
                 RTLATX1                     G  
                 RTLATX1                     Q  
                 RTLATX1                    QN  
                 RTLATX1                    RT  
                SDFF2RX1                    CK  
                SDFF2RX1                    D1  
                SDFF2RX1                    D2  
                SDFF2RX1                    Q1  
                SDFF2RX1                   Q1N  
                SDFF2RX1                    Q2  
                SDFF2RX1                   Q2N  
                SDFF2RX1                    RN  
                SDFF2RX1                    SE  
                SDFF2RX1                    SI  
                SDFF2RX2                    CK  
                SDFF2RX2                    D1  
                SDFF2RX2                    D2  
                SDFF2RX2                    Q1  
                SDFF2RX2                   Q1N  
                SDFF2RX2                    Q2  
                SDFF2RX2                   Q2N  
                SDFF2RX2                    RN  
                SDFF2RX2                    SE  
                SDFF2RX2                    SI  
                SDFF4RX1                    CK  
                SDFF4RX1                    D1  
                SDFF4RX1                    D2  
                SDFF4RX1                    D3  
                SDFF4RX1                    D4  
                SDFF4RX1                    Q1  
                SDFF4RX1                   Q1N  
                SDFF4RX1                    Q2  
                SDFF4RX1                   Q2N  
                SDFF4RX1                    Q3  
                SDFF4RX1                   Q3N  
                SDFF4RX1                    Q4  
                SDFF4RX1                   Q4N  
                SDFF4RX1                    RN  
                SDFF4RX1                    SE  
                SDFF4RX1                    SI  
                SDFF4RX1                   VDD  
                SDFF4RX1                   VSS  
                SDFF4RX2                    CK  
                SDFF4RX2                    D1  
                SDFF4RX2                    D2  
                SDFF4RX2                    D3  
                SDFF4RX2                    D4  
                SDFF4RX2                    Q1  
                SDFF4RX2                   Q1N  
                SDFF4RX2                    Q2  
                SDFF4RX2                   Q2N  
                SDFF4RX2                    Q3  
                SDFF4RX2                   Q3N  
                SDFF4RX2                    Q4  
                SDFF4RX2                   Q4N  
                SDFF4RX2                    RN  
                SDFF4RX2                    SE  
                SDFF4RX2                    SI  
                SDFF4RX2                   VDD  
                SDFF4RX2                   VSS  
                SDFFHQX1                    CK  
                SDFFHQX1                    SI  
                SDFFHQX1                    SE  
                SDFFHQX1                     D  
                SDFFHQX1                     Q  
                SDFFHQX2                    CK  
                SDFFHQX2                    SI  
                SDFFHQX2                    SE  
                SDFFHQX2                     D  
                SDFFHQX2                     Q  
                SDFFHQX4                    CK  
                SDFFHQX4                    SI  
                SDFFHQX4                    SE  
                SDFFHQX4                     D  
                SDFFHQX4                     Q  
                SDFFHQX8                    CK  
                SDFFHQX8                    SI  
                SDFFHQX8                    SE  
                SDFFHQX8                     D  
                SDFFHQX8                     Q  
               SDFFNSRX1                   CKN  
               SDFFNSRX1                    SN  
               SDFFNSRX1                    RN  
               SDFFNSRX1                    SI  
               SDFFNSRX1                    SE  
               SDFFNSRX1                     D  
               SDFFNSRX1                    QN  
               SDFFNSRX1                     Q  
               SDFFNSRX2                   CKN  
               SDFFNSRX2                    SN  
               SDFFNSRX2                    RN  
               SDFFNSRX2                    SI  
               SDFFNSRX2                    SE  
               SDFFNSRX2                     D  
               SDFFNSRX2                    QN  
               SDFFNSRX2                     Q  
               SDFFNSRX4                   CKN  
               SDFFNSRX4                    SN  
               SDFFNSRX4                    RN  
               SDFFNSRX4                    SI  
               SDFFNSRX4                    SE  
               SDFFNSRX4                     D  
               SDFFNSRX4                    QN  
               SDFFNSRX4                     Q  
               SDFFNSRXL                   CKN  
               SDFFNSRXL                    SN  
               SDFFNSRXL                    RN  
               SDFFNSRXL                    SI  
               SDFFNSRXL                    SE  
               SDFFNSRXL                     D  
               SDFFNSRXL                    QN  
               SDFFNSRXL                     Q  
                 SDFFQX1                    CK  
                 SDFFQX1                    SI  
                 SDFFQX1                    SE  
                 SDFFQX1                     D  
                 SDFFQX1                     Q  
                 SDFFQX2                    CK  
                 SDFFQX2                    SI  
                 SDFFQX2                    SE  
                 SDFFQX2                     D  
                 SDFFQX2                     Q  
                 SDFFQX4                    CK  
                 SDFFQX4                    SI  
                 SDFFQX4                    SE  
                 SDFFQX4                     D  
                 SDFFQX4                     Q  
                 SDFFQXL                    CK  
                 SDFFQXL                    SI  
                 SDFFQXL                    SE  
                 SDFFQXL                     D  
                 SDFFQXL                     Q  
               SDFFRHQX1                    CK  
               SDFFRHQX1                    RN  
               SDFFRHQX1                    SI  
               SDFFRHQX1                    SE  
               SDFFRHQX1                     D  
               SDFFRHQX1                     Q  
               SDFFRHQX2                    CK  
               SDFFRHQX2                    RN  
               SDFFRHQX2                    SI  
               SDFFRHQX2                    SE  
               SDFFRHQX2                     D  
               SDFFRHQX2                     Q  
               SDFFRHQX4                    CK  
               SDFFRHQX4                    RN  
               SDFFRHQX4                    SI  
               SDFFRHQX4                    SE  
               SDFFRHQX4                     D  
               SDFFRHQX4                     Q  
               SDFFRHQX8                    CK  
               SDFFRHQX8                    RN  
               SDFFRHQX8                    SI  
               SDFFRHQX8                    SE  
               SDFFRHQX8                     D  
               SDFFRHQX8                     Q  
                 SDFFRX1                    CK  
                 SDFFRX1                    RN  
                 SDFFRX1                    SI  
                 SDFFRX1                    SE  
                 SDFFRX1                     D  
                 SDFFRX1                    QN  
                 SDFFRX1                     Q  
                 SDFFRX2                    CK  
                 SDFFRX2                    RN  
                 SDFFRX2                    SI  
                 SDFFRX2                    SE  
                 SDFFRX2                     D  
                 SDFFRX2                    QN  
                 SDFFRX2                     Q  
                 SDFFRX4                    CK  
                 SDFFRX4                    RN  
                 SDFFRX4                    SI  
                 SDFFRX4                    SE  
                 SDFFRX4                     D  
                 SDFFRX4                    QN  
                 SDFFRX4                     Q  
                 SDFFRXL                    CK  
                 SDFFRXL                    RN  
                 SDFFRXL                    SI  
                 SDFFRXL                    SE  
                 SDFFRXL                     D  
                 SDFFRXL                    QN  
                 SDFFRXL                     Q  
               SDFFSHQX1                    CK  
               SDFFSHQX1                    SN  
               SDFFSHQX1                    SI  
               SDFFSHQX1                    SE  
               SDFFSHQX1                     D  
               SDFFSHQX1                     Q  
               SDFFSHQX2                    CK  
               SDFFSHQX2                    SN  
               SDFFSHQX2                    SI  
               SDFFSHQX2                    SE  
               SDFFSHQX2                     D  
               SDFFSHQX2                     Q  
               SDFFSHQX4                    CK  
               SDFFSHQX4                    SN  
               SDFFSHQX4                    SI  
               SDFFSHQX4                    SE  
               SDFFSHQX4                     D  
               SDFFSHQX4                     Q  
               SDFFSHQX8                    CK  
               SDFFSHQX8                    SN  
               SDFFSHQX8                    SI  
               SDFFSHQX8                    SE  
               SDFFSHQX8                     D  
               SDFFSHQX8                     Q  
              SDFFSRHQX1                    CK  
              SDFFSRHQX1                    SN  
              SDFFSRHQX1                    RN  
              SDFFSRHQX1                    SI  
              SDFFSRHQX1                    SE  
              SDFFSRHQX1                     D  
              SDFFSRHQX1                     Q  
              SDFFSRHQX2                    CK  
              SDFFSRHQX2                    SN  
              SDFFSRHQX2                    RN  
              SDFFSRHQX2                    SI  
              SDFFSRHQX2                    SE  
              SDFFSRHQX2                     D  
              SDFFSRHQX2                     Q  
              SDFFSRHQX4                    CK  
              SDFFSRHQX4                    SN  
              SDFFSRHQX4                    RN  
              SDFFSRHQX4                    SI  
              SDFFSRHQX4                    SE  
              SDFFSRHQX4                     D  
              SDFFSRHQX4                     Q  
              SDFFSRHQX8                    CK  
              SDFFSRHQX8                    SN  
              SDFFSRHQX8                    RN  
              SDFFSRHQX8                    SI  
              SDFFSRHQX8                    SE  
              SDFFSRHQX8                     D  
              SDFFSRHQX8                     Q  
                SDFFSRX1                    CK  
                SDFFSRX1                    SN  
                SDFFSRX1                    RN  
                SDFFSRX1                    SI  
                SDFFSRX1                    SE  
                SDFFSRX1                     D  
                SDFFSRX1                    QN  
                SDFFSRX1                     Q  
                SDFFSRX2                    CK  
                SDFFSRX2                    SN  
                SDFFSRX2                    RN  
                SDFFSRX2                    SI  
                SDFFSRX2                    SE  
                SDFFSRX2                     D  
                SDFFSRX2                    QN  
                SDFFSRX2                     Q  
                SDFFSRX4                    CK  
                SDFFSRX4                    SN  
                SDFFSRX4                    RN  
                SDFFSRX4                    SI  
                SDFFSRX4                    SE  
                SDFFSRX4                     D  
                SDFFSRX4                    QN  
                SDFFSRX4                     Q  
                SDFFSRXL                    CK  
                SDFFSRXL                    SN  
                SDFFSRXL                    RN  
                SDFFSRXL                    SI  
                SDFFSRXL                    SE  
                SDFFSRXL                     D  
                SDFFSRXL                    QN  
                SDFFSRXL                     Q  
                 SDFFSX1                    CK  
                 SDFFSX1                    SN  
                 SDFFSX1                    SI  
                 SDFFSX1                    SE  
                 SDFFSX1                     D  
                 SDFFSX1                    QN  
                 SDFFSX1                     Q  
                 SDFFSX2                    CK  
                 SDFFSX2                    SN  
                 SDFFSX2                    SI  
                 SDFFSX2                    SE  
                 SDFFSX2                     D  
                 SDFFSX2                    QN  
                 SDFFSX2                     Q  
                 SDFFSX4                    CK  
                 SDFFSX4                    SN  
                 SDFFSX4                    SI  
                 SDFFSX4                    SE  
                 SDFFSX4                     D  
                 SDFFSX4                    QN  
                 SDFFSX4                     Q  
                 SDFFSXL                    CK  
                 SDFFSXL                    SN  
                 SDFFSXL                    SI  
                 SDFFSXL                    SE  
                 SDFFSXL                     D  
                 SDFFSXL                    QN  
                 SDFFSXL                     Q  
                SDFFTRX1                    CK  
                SDFFTRX1                    SI  
                SDFFTRX1                    SE  
                SDFFTRX1                    RN  
                SDFFTRX1                     D  
                SDFFTRX1                    QN  
                SDFFTRX1                     Q  
                SDFFTRX2                    CK  
                SDFFTRX2                    SI  
                SDFFTRX2                    SE  
                SDFFTRX2                    RN  
                SDFFTRX2                     D  
                SDFFTRX2                    QN  
                SDFFTRX2                     Q  
                SDFFTRX4                    CK  
                SDFFTRX4                    SI  
                SDFFTRX4                    SE  
                SDFFTRX4                    RN  
                SDFFTRX4                     D  
                SDFFTRX4                    QN  
                SDFFTRX4                     Q  
                SDFFTRXL                    CK  
                SDFFTRXL                    SI  
                SDFFTRXL                    SE  
                SDFFTRXL                    RN  
                SDFFTRXL                     D  
                SDFFTRXL                    QN  
                SDFFTRXL                     Q  
                  SDFFX1                    CK  
                  SDFFX1                    SI  
                  SDFFX1                    SE  
                  SDFFX1                     D  
                  SDFFX1                    QN  
                  SDFFX1                     Q  
                  SDFFX2                    CK  
                  SDFFX2                    SI  
                  SDFFX2                    SE  
                  SDFFX2                     D  
                  SDFFX2                    QN  
                  SDFFX2                     Q  
                  SDFFX4                    CK  
                  SDFFX4                    SI  
                  SDFFX4                    SE  
                  SDFFX4                     D  
                  SDFFX4                    QN  
                  SDFFX4                     Q  
                  SDFFXL                    CK  
                  SDFFXL                    SI  
                  SDFFXL                    SE  
                  SDFFXL                     D  
                  SDFFXL                    QN  
                  SDFFXL                     Q  
               SEDFFHQX1                    CK  
               SEDFFHQX1                    SI  
               SEDFFHQX1                    SE  
               SEDFFHQX1                     E  
               SEDFFHQX1                     D  
               SEDFFHQX1                     Q  
               SEDFFHQX2                    CK  
               SEDFFHQX2                    SI  
               SEDFFHQX2                    SE  
               SEDFFHQX2                     E  
               SEDFFHQX2                     D  
               SEDFFHQX2                     Q  
               SEDFFHQX4                    CK  
               SEDFFHQX4                    SI  
               SEDFFHQX4                    SE  
               SEDFFHQX4                     E  
               SEDFFHQX4                     D  
               SEDFFHQX4                     Q  
               SEDFFHQX8                    CK  
               SEDFFHQX8                    SI  
               SEDFFHQX8                    SE  
               SEDFFHQX8                     E  
               SEDFFHQX8                     D  
               SEDFFHQX8                     Q  
               SEDFFTRX1                    CK  
               SEDFFTRX1                    SI  
               SEDFFTRX1                    SE  
               SEDFFTRX1                    RN  
               SEDFFTRX1                     E  
               SEDFFTRX1                     D  
               SEDFFTRX1                    QN  
               SEDFFTRX1                     Q  
               SEDFFTRX2                    CK  
               SEDFFTRX2                    SI  
               SEDFFTRX2                    SE  
               SEDFFTRX2                    RN  
               SEDFFTRX2                     E  
               SEDFFTRX2                     D  
               SEDFFTRX2                    QN  
               SEDFFTRX2                     Q  
               SEDFFTRX4                    CK  
               SEDFFTRX4                    SI  
               SEDFFTRX4                    SE  
               SEDFFTRX4                    RN  
               SEDFFTRX4                     E  
               SEDFFTRX4                     D  
               SEDFFTRX4                    QN  
               SEDFFTRX4                     Q  
               SEDFFTRXL                    CK  
               SEDFFTRXL                    SI  
               SEDFFTRXL                    SE  
               SEDFFTRXL                    RN  
               SEDFFTRXL                     E  
               SEDFFTRXL                     D  
               SEDFFTRXL                    QN  
               SEDFFTRXL                     Q  
                 SEDFFX1                    CK  
                 SEDFFX1                    SI  
                 SEDFFX1                    SE  
                 SEDFFX1                     E  
                 SEDFFX1                     D  
                 SEDFFX1                    QN  
                 SEDFFX1                     Q  
                 SEDFFX2                    CK  
                 SEDFFX2                    SI  
                 SEDFFX2                    SE  
                 SEDFFX2                     E  
                 SEDFFX2                     D  
                 SEDFFX2                    QN  
                 SEDFFX2                     Q  
                 SEDFFX4                    CK  
                 SEDFFX4                    SI  
                 SEDFFX4                    SE  
                 SEDFFX4                     E  
                 SEDFFX4                     D  
                 SEDFFX4                    QN  
                 SEDFFX4                     Q  
                 SEDFFXL                    CK  
                 SEDFFXL                    SI  
                 SEDFFXL                    SE  
                 SEDFFXL                     E  
                 SEDFFXL                     D  
                 SEDFFXL                    QN  
                 SEDFFXL                     Q  
               SMDFFHQX1                    CK  
               SMDFFHQX1                    SI  
               SMDFFHQX1                    SE  
               SMDFFHQX1                    S0  
               SMDFFHQX1                    D1  
               SMDFFHQX1                    D0  
               SMDFFHQX1                     Q  
               SMDFFHQX2                    CK  
               SMDFFHQX2                    SI  
               SMDFFHQX2                    SE  
               SMDFFHQX2                    S0  
               SMDFFHQX2                    D1  
               SMDFFHQX2                    D0  
               SMDFFHQX2                     Q  
               SMDFFHQX4                    CK  
               SMDFFHQX4                    SI  
               SMDFFHQX4                    SE  
               SMDFFHQX4                    S0  
               SMDFFHQX4                    D1  
               SMDFFHQX4                    D0  
               SMDFFHQX4                     Q  
               SMDFFHQX8                    CK  
               SMDFFHQX8                    SI  
               SMDFFHQX8                    SE  
               SMDFFHQX8                    S0  
               SMDFFHQX8                    D1  
               SMDFFHQX8                    D0  
               SMDFFHQX8                     Q  
               SPDFF2RX1                    CK  
               SPDFF2RX1                    D1  
               SPDFF2RX1                    D2  
               SPDFF2RX1                    Q1  
               SPDFF2RX1                   Q1N  
               SPDFF2RX1                    Q2  
               SPDFF2RX1                   Q2N  
               SPDFF2RX1                    RN  
               SPDFF2RX1                    SE  
               SPDFF2RX1                   SI1  
               SPDFF2RX1                   SI2  
               SPDFF2RX2                    CK  
               SPDFF2RX2                    D1  
               SPDFF2RX2                    D2  
               SPDFF2RX2                    Q1  
               SPDFF2RX2                   Q1N  
               SPDFF2RX2                    Q2  
               SPDFF2RX2                   Q2N  
               SPDFF2RX2                    RN  
               SPDFF2RX2                    SE  
               SPDFF2RX2                   SI1  
               SPDFF2RX2                   SI2  
               SPDFF4RX1                    CK  
               SPDFF4RX1                    D1  
               SPDFF4RX1                    D2  
               SPDFF4RX1                    D3  
               SPDFF4RX1                    D4  
               SPDFF4RX1                    Q1  
               SPDFF4RX1                   Q1N  
               SPDFF4RX1                    Q2  
               SPDFF4RX1                   Q2N  
               SPDFF4RX1                    Q3  
               SPDFF4RX1                   Q3N  
               SPDFF4RX1                    Q4  
               SPDFF4RX1                   Q4N  
               SPDFF4RX1                    RN  
               SPDFF4RX1                    SE  
               SPDFF4RX1                   SI1  
               SPDFF4RX1                   SI2  
               SPDFF4RX1                   SI3  
               SPDFF4RX1                   SI4  
               SPDFF4RX2                    CK  
               SPDFF4RX2                    D1  
               SPDFF4RX2                    D2  
               SPDFF4RX2                    D3  
               SPDFF4RX2                    D4  
               SPDFF4RX2                    Q1  
               SPDFF4RX2                   Q1N  
               SPDFF4RX2                    Q2  
               SPDFF4RX2                   Q2N  
               SPDFF4RX2                    Q3  
               SPDFF4RX2                   Q3N  
               SPDFF4RX2                    Q4  
               SPDFF4RX2                   Q4N  
               SPDFF4RX2                    RN  
               SPDFF4RX2                    SE  
               SPDFF4RX2                   SI1  
               SPDFF4RX2                   SI2  
               SPDFF4RX2                   SI3  
               SPDFF4RX2                   SI4  
               SRDFFNQX1                   CKN  
               SRDFFNQX1                     D  
               SRDFFNQX1                     Q  
               SRDFFNQX1                    RT  
               SRDFFNQX1                    SE  
               SRDFFNQX1                    SI  
              SRDFFNRQX1                   CKN  
              SRDFFNRQX1                     D  
              SRDFFNRQX1                     Q  
              SRDFFNRQX1                    RN  
              SRDFFNRQX1                    RT  
              SRDFFNRQX1                    SE  
              SRDFFNRQX1                    SI  
               SRDFFNRX1                   CKN  
               SRDFFNRX1                     D  
               SRDFFNRX1                     Q  
               SRDFFNRX1                    QN  
               SRDFFNRX1                    RN  
               SRDFFNRX1                    RT  
               SRDFFNRX1                    SE  
               SRDFFNRX1                    SI  
              SRDFFNSQX1                   CKN  
              SRDFFNSQX1                     D  
              SRDFFNSQX1                     Q  
              SRDFFNSQX1                    RT  
              SRDFFNSQX1                    SE  
              SRDFFNSQX1                    SI  
              SRDFFNSQX1                    SN  
             SRDFFNSRQX1                   CKN  
             SRDFFNSRQX1                     D  
             SRDFFNSRQX1                     Q  
             SRDFFNSRQX1                    RN  
             SRDFFNSRQX1                    RT  
             SRDFFNSRQX1                    SE  
             SRDFFNSRQX1                    SI  
             SRDFFNSRQX1                    SN  
              SRDFFNSRX1                   CKN  
              SRDFFNSRX1                     D  
              SRDFFNSRX1                     Q  
              SRDFFNSRX1                    QN  
              SRDFFNSRX1                    RN  
              SRDFFNSRX1                    RT  
              SRDFFNSRX1                    SE  
              SRDFFNSRX1                    SI  
              SRDFFNSRX1                    SN  
               SRDFFNSX1                   CKN  
               SRDFFNSX1                     D  
               SRDFFNSX1                     Q  
               SRDFFNSX1                    QN  
               SRDFFNSX1                    RT  
               SRDFFNSX1                    SE  
               SRDFFNSX1                    SI  
               SRDFFNSX1                    SN  
                SRDFFNX1                   CKN  
                SRDFFNX1                     D  
                SRDFFNX1                     Q  
                SRDFFNX1                    QN  
                SRDFFNX1                    RT  
                SRDFFNX1                    SE  
                SRDFFNX1                    SI  
                SRDFFQX1                    CK  
                SRDFFQX1                     D  
                SRDFFQX1                     Q  
                SRDFFQX1                    RT  
                SRDFFQX1                    SE  
                SRDFFQX1                    SI  
               SRDFFRQX1                    CK  
               SRDFFRQX1                     D  
               SRDFFRQX1                     Q  
               SRDFFRQX1                    RN  
               SRDFFRQX1                    RT  
               SRDFFRQX1                    SE  
               SRDFFRQX1                    SI  
                SRDFFRX1                    CK  
                SRDFFRX1                     D  
                SRDFFRX1                     Q  
                SRDFFRX1                    QN  
                SRDFFRX1                    RN  
                SRDFFRX1                    RT  
                SRDFFRX1                    SE  
                SRDFFRX1                    SI  
               SRDFFSQX1                    CK  
               SRDFFSQX1                     D  
               SRDFFSQX1                     Q  
               SRDFFSQX1                    RT  
               SRDFFSQX1                    SE  
               SRDFFSQX1                    SI  
               SRDFFSQX1                    SN  
              SRDFFSRQX1                    CK  
              SRDFFSRQX1                     D  
              SRDFFSRQX1                     Q  
              SRDFFSRQX1                    RN  
              SRDFFSRQX1                    RT  
              SRDFFSRQX1                    SE  
              SRDFFSRQX1                    SI  
              SRDFFSRQX1                    SN  
               SRDFFSRX1                    CK  
               SRDFFSRX1                     D  
               SRDFFSRX1                     Q  
               SRDFFSRX1                    QN  
               SRDFFSRX1                    RN  
               SRDFFSRX1                    RT  
               SRDFFSRX1                    SE  
               SRDFFSRX1                    SI  
               SRDFFSRX1                    SN  
                SRDFFSX1                    CK  
                SRDFFSX1                     D  
                SRDFFSX1                     Q  
                SRDFFSX1                    QN  
                SRDFFSX1                    RT  
                SRDFFSX1                    SE  
                SRDFFSX1                    SI  
                SRDFFSX1                    SN  
                 SRDFFX1                    CK  
                 SRDFFX1                     D  
                 SRDFFX1                     Q  
                 SRDFFX1                    QN  
                 SRDFFX1                    RT  
                 SRDFFX1                    SE  
                 SRDFFX1                    SI  
                  TBUFX1                    OE  
                  TBUFX1                     A  
                  TBUFX1                     Y  
                 TBUFX12                    OE  
                 TBUFX12                     A  
                 TBUFX12                     Y  
                 TBUFX16                    OE  
                 TBUFX16                     A  
                 TBUFX16                     Y  
                  TBUFX2                    OE  
                  TBUFX2                     A  
                  TBUFX2                     Y  
                 TBUFX20                    OE  
                 TBUFX20                     A  
                 TBUFX20                     Y  
                  TBUFX3                    OE  
                  TBUFX3                     A  
                  TBUFX3                     Y  
                  TBUFX4                    OE  
                  TBUFX4                     A  
                  TBUFX4                     Y  
                  TBUFX6                    OE  
                  TBUFX6                     A  
                  TBUFX6                     Y  
                  TBUFX8                    OE  
                  TBUFX8                     A  
                  TBUFX8                     Y  
                  TBUFXL                    OE  
                  TBUFXL                     A  
                  TBUFXL                     Y  
                   TIEHI                     Y  
                   TIELO                     Y  
              TLATNCAX12                    CK  
              TLATNCAX12                     E  
              TLATNCAX12                   ECK  
              TLATNCAX16                    CK  
              TLATNCAX16                     E  
              TLATNCAX16                   ECK  
               TLATNCAX2                    CK  
               TLATNCAX2                     E  
               TLATNCAX2                   ECK  
              TLATNCAX20                    CK  
              TLATNCAX20                     E  
              TLATNCAX20                   ECK  
               TLATNCAX3                    CK  
               TLATNCAX3                     E  
               TLATNCAX3                   ECK  
               TLATNCAX4                    CK  
               TLATNCAX4                     E  
               TLATNCAX4                   ECK  
               TLATNCAX6                    CK  
               TLATNCAX6                     E  
               TLATNCAX6                   ECK  
               TLATNCAX8                    CK  
               TLATNCAX8                     E  
               TLATNCAX8                   ECK  
               TLATNSRX1                    RN  
               TLATNSRX1                    GN  
               TLATNSRX1                    SN  
               TLATNSRX1                     D  
               TLATNSRX1                    QN  
               TLATNSRX1                     Q  
               TLATNSRX2                    RN  
               TLATNSRX2                    GN  
               TLATNSRX2                    SN  
               TLATNSRX2                     D  
               TLATNSRX2                    QN  
               TLATNSRX2                     Q  
               TLATNSRX4                    RN  
               TLATNSRX4                    GN  
               TLATNSRX4                    SN  
               TLATNSRX4                     D  
               TLATNSRX4                    QN  
               TLATNSRX4                     Q  
               TLATNSRXL                    RN  
               TLATNSRXL                    GN  
               TLATNSRXL                    SN  
               TLATNSRXL                     D  
               TLATNSRXL                    QN  
               TLATNSRXL                     Q  
            TLATNTSCAX12                    CK  
            TLATNTSCAX12                    SE  
            TLATNTSCAX12                     E  
            TLATNTSCAX12                   ECK  
            TLATNTSCAX16                    CK  
            TLATNTSCAX16                    SE  
            TLATNTSCAX16                     E  
            TLATNTSCAX16                   ECK  
             TLATNTSCAX2                    CK  
             TLATNTSCAX2                    SE  
             TLATNTSCAX2                     E  
             TLATNTSCAX2                   ECK  
            TLATNTSCAX20                    CK  
            TLATNTSCAX20                    SE  
            TLATNTSCAX20                     E  
            TLATNTSCAX20                   ECK  
             TLATNTSCAX3                    CK  
             TLATNTSCAX3                    SE  
             TLATNTSCAX3                     E  
             TLATNTSCAX3                   ECK  
             TLATNTSCAX4                    CK  
             TLATNTSCAX4                    SE  
             TLATNTSCAX4                     E  
             TLATNTSCAX4                   ECK  
             TLATNTSCAX6                    CK  
             TLATNTSCAX6                    SE  
             TLATNTSCAX6                     E  
             TLATNTSCAX6                   ECK  
             TLATNTSCAX8                    CK  
             TLATNTSCAX8                    SE  
             TLATNTSCAX8                     E  
             TLATNTSCAX8                   ECK  
                 TLATNX1                    GN  
                 TLATNX1                     D  
                 TLATNX1                    QN  
                 TLATNX1                     Q  
                 TLATNX2                    GN  
                 TLATNX2                     D  
                 TLATNX2                    QN  
                 TLATNX2                     Q  
                 TLATNX4                    GN  
                 TLATNX4                     D  
                 TLATNX4                    QN  
                 TLATNX4                     Q  
                 TLATNXL                    GN  
                 TLATNXL                     D  
                 TLATNXL                    QN  
                 TLATNXL                     Q  
                TLATSRX1                    RN  
                TLATSRX1                     G  
                TLATSRX1                    SN  
                TLATSRX1                     D  
                TLATSRX1                    QN  
                TLATSRX1                     Q  
                TLATSRX2                    RN  
                TLATSRX2                     G  
                TLATSRX2                    SN  
                TLATSRX2                     D  
                TLATSRX2                    QN  
                TLATSRX2                     Q  
                TLATSRX4                    RN  
                TLATSRX4                     G  
                TLATSRX4                    SN  
                TLATSRX4                     D  
                TLATSRX4                    QN  
                TLATSRX4                     Q  
                TLATSRXL                    RN  
                TLATSRXL                     G  
                TLATSRXL                    SN  
                TLATSRXL                     D  
                TLATSRXL                    QN  
                TLATSRXL                     Q  
                  TLATX1                     G  
                  TLATX1                     D  
                  TLATX1                    QN  
                  TLATX1                     Q  
                  TLATX2                     G  
                  TLATX2                     D  
                  TLATX2                    QN  
                  TLATX2                     Q  
                  TLATX4                     G  
                  TLATX4                     D  
                  TLATX4                    QN  
                  TLATX4                     Q  
                  TLATXL                     G  
                  TLATXL                     D  
                  TLATXL                    QN  
                  TLATXL                     Q  
                 XNOR2X1                     B  
                 XNOR2X1                     A  
                 XNOR2X1                     Y  
                 XNOR2X2                     B  
                 XNOR2X2                     A  
                 XNOR2X2                     Y  
                 XNOR2X4                     B  
                 XNOR2X4                     A  
                 XNOR2X4                     Y  
                 XNOR2XL                     B  
                 XNOR2XL                     A  
                 XNOR2XL                     Y  
                 XNOR3X1                     C  
                 XNOR3X1                     B  
                 XNOR3X1                     A  
                 XNOR3X1                     Y  
                 XNOR3XL                     C  
                 XNOR3XL                     B  
                 XNOR3XL                     A  
                 XNOR3XL                     Y  
                  XOR2X1                     B  
                  XOR2X1                     A  
                  XOR2X1                     Y  
                  XOR2X2                     B  
                  XOR2X2                     A  
                  XOR2X2                     Y  
                  XOR2X4                     B  
                  XOR2X4                     A  
                  XOR2X4                     Y  
                  XOR2XL                     B  
                  XOR2XL                     A  
                  XOR2XL                     Y  
                  XOR3X1                     C  
                  XOR3X1                     B  
                  XOR3X1                     A  
                  XOR3X1                     Y  
                  XOR3XL                     C  
                  XOR3XL                     B  
                  XOR3XL                     A  
                  XOR3XL                     Y  For more information click here  
# Cells Missing LEF Info: 0  
# Cells with Dimension Errors: 
    ------------------------------
    Size of cell is not an integer multiple of its site
    ------------------------------
               Cell Name        Tech Site name  
                   BUFX2        CoreSiteDouble  1  

==============================
Netlist Information
==============================
# HFO (>200) Nets: 0  
# No-driven Nets: 475  
    General Caution:
        1) TODO
    No-driven Nets  
    state[1]  
    state[2]  
    state[3]  
    state[4]  
    state[5]  
    state[6]  
    state[7]  
    state[8]  
    state[9]  
    state[10]  
    state[11]  
    state[12]  
    state[13]  
    state[14]  
    state[15]  
    state[16]  
    state[17]  
    state[18]  
    state[19]  
    state[20]  
    state[21]  
    state[22]  
    state[23]  
    state[24]  
    state[25]  
    state[26]  
    state[27]  
    state[28]  
    state[29]  
    state[30]  
    state[31]  
    first_partial_sum[2][1][0]  
    first_partial_sum[2][1][1]  
    first_partial_sum[2][1][2]  
    first_partial_sum[2][1][3]  
    first_partial_sum[2][1][4]  
    first_partial_sum[2][1][5]  
    first_partial_sum[2][1][6]  
    first_partial_sum[2][1][7]  
    first_partial_sum[2][1][25]  
    first_partial_sum[2][1][26]  
    first_partial_sum[2][1][27]  
    first_partial_sum[2][1][28]  
    first_partial_sum[2][1][29]  
    first_partial_sum[2][1][30]  
    first_partial_sum[2][1][31]  
    first_partial_sum[3][2][0]  
    first_partial_sum[3][2][1]  
    first_partial_sum[3][2][2]  
    first_partial_sum[3][2][3]  
    first_partial_sum[3][2][4]  
    first_partial_sum[3][2][5]  
    first_partial_sum[3][2][6]  
    first_partial_sum[3][2][7]  
    first_partial_sum[3][2][8]  
    first_partial_sum[3][2][9]  
    first_partial_sum[3][2][10]  
    first_partial_sum[3][2][11]  
    first_partial_sum[3][2][29]  
    first_partial_sum[3][2][30]  
    first_partial_sum[3][2][31]  
    first_partial_sum[2][3][0]  
    first_partial_sum[2][3][1]  
    first_partial_sum[2][3][2]  
    first_partial_sum[2][3][3]  
    first_partial_sum[2][3][4]  
    first_partial_sum[2][3][5]  
    first_partial_sum[2][3][6]  
    first_partial_sum[2][3][7]  
    first_partial_sum[2][3][8]  
    first_partial_sum[2][3][9]  
    first_partial_sum[2][3][10]  
    first_partial_sum[2][3][11]  
    first_partial_sum[2][3][12]  
    first_partial_sum[2][3][13]  
    first_partial_sum[2][3][14]  
    first_partial_sum[2][3][15]  
    first_partial_sum[1][2][0]  
    first_partial_sum[1][2][1]  
    first_partial_sum[1][2][2]  
    first_partial_sum[1][2][3]  
    first_partial_sum[1][2][4]  
    first_partial_sum[1][2][5]  
    first_partial_sum[1][2][6]  
    first_partial_sum[1][2][7]  
    first_partial_sum[1][2][8]  
    first_partial_sum[1][2][9]  
    first_partial_sum[1][2][10]  
    first_partial_sum[1][2][11]  
    first_partial_sum[1][2][29]  
    first_partial_sum[1][2][30]  
    first_partial_sum[1][2][31]  
    first_partial_sum[0][0][0]  
    first_partial_sum[0][0][1]  
    first_partial_sum[0][0][2]  
    first_partial_sum[0][0][3]  
    first_partial_sum[0][0][20]  
    first_partial_sum[0][0][21]  
    first_partial_sum[0][0][22]  
    first_partial_sum[0][0][23]  
    first_partial_sum[0][0][24]  
    first_partial_sum[0][0][25]  
    first_partial_sum[0][0][26]  
    first_partial_sum[0][0][27]  
    first_partial_sum[0][0][28]  
    first_partial_sum[0][0][29]  
    first_partial_sum[0][0][30]  
    first_partial_sum[0][0][31]  
    second_partial_sum_0_0  
    second_partial_sum_0_1  
    second_partial_sum_0_2  
    second_partial_sum_0_3  
    first_partial_sum[0][1][0]  
    first_partial_sum[0][1][1]  
    first_partial_sum[0][1][2]  
    first_partial_sum[0][1][3]  
    first_partial_sum[0][1][4]  
    first_partial_sum[0][1][5]  
    first_partial_sum[0][1][6]  
    first_partial_sum[0][1][7]  
    first_partial_sum[0][1][25]  
    first_partial_sum[0][1][26]  
    first_partial_sum[0][1][27]  
    first_partial_sum[0][1][28]  
    first_partial_sum[0][1][29]  
    first_partial_sum[0][1][30]  
    first_partial_sum[0][1][31]  
    first_partial_sum[1][3][0]  
    first_partial_sum[1][3][1]  
    first_partial_sum[1][3][2]  
    first_partial_sum[1][3][3]  
    first_partial_sum[1][3][4]  
    first_partial_sum[1][3][5]  
    first_partial_sum[1][3][6]  
    first_partial_sum[1][3][7]  
    first_partial_sum[1][3][8]  
    first_partial_sum[1][3][9]  
    first_partial_sum[1][3][10]  
    first_partial_sum[1][3][11]  
    first_partial_sum[1][3][12]  
    first_partial_sum[1][3][13]  
    first_partial_sum[1][3][14]  
    first_partial_sum[1][3][15]  
    first_partial_sum[1][1][0]  
    first_partial_sum[1][1][1]  
    first_partial_sum[1][1][2]  
    first_partial_sum[1][1][3]  
    first_partial_sum[1][1][4]  
    first_partial_sum[1][1][5]  
    first_partial_sum[1][1][6]  
    first_partial_sum[1][1][7]  
    first_partial_sum[1][1][25]  
    first_partial_sum[1][1][26]  
    first_partial_sum[1][1][27]  
    first_partial_sum[1][1][28]  
    first_partial_sum[1][1][29]  
    first_partial_sum[1][1][30]  
    first_partial_sum[1][1][31]  
    first_partial_sum[3][1][0]  
    first_partial_sum[3][1][1]  
    first_partial_sum[3][1][2]  
    first_partial_sum[3][1][3]  
    first_partial_sum[3][1][4]  
    first_partial_sum[3][1][5]  
    first_partial_sum[3][1][6]  
    first_partial_sum[3][1][7]  
    first_partial_sum[3][1][25]  
    first_partial_sum[3][1][26]  
    first_partial_sum[3][1][27]  
    first_partial_sum[3][1][28]  
    first_partial_sum[3][1][29]  
    first_partial_sum[3][1][30]  
    first_partial_sum[3][1][31]  
    first_partial_sum[0][2][0]  
    first_partial_sum[0][2][1]  
    first_partial_sum[0][2][2]  
    first_partial_sum[0][2][3]  
    first_partial_sum[0][2][4]  
    first_partial_sum[0][2][5]  
    first_partial_sum[0][2][6]  
    first_partial_sum[0][2][7]  
    first_partial_sum[0][2][8]  
    first_partial_sum[0][2][9]  
    first_partial_sum[0][2][10]  
    first_partial_sum[0][2][11]  
    first_partial_sum[0][2][29]  
    first_partial_sum[0][2][30]  
    first_partial_sum[0][2][31]  
    first_partial_sum[3][3][0]  
    first_partial_sum[3][3][1]  
    first_partial_sum[3][3][2]  
    first_partial_sum[3][3][3]  
    first_partial_sum[3][3][4]  
    first_partial_sum[3][3][5]  
    first_partial_sum[3][3][6]  
    first_partial_sum[3][3][7]  
    first_partial_sum[3][3][8]  
    first_partial_sum[3][3][9]  
    first_partial_sum[3][3][10]  
    first_partial_sum[3][3][11]  
    first_partial_sum[3][3][12]  
    first_partial_sum[3][3][13]  
    first_partial_sum[3][3][14]  
    first_partial_sum[3][3][15]  
    second_partial_sum_2_0  
    second_partial_sum_2_1  
    second_partial_sum_2_2  
    second_partial_sum_2_3  
    first_partial_sum[1][0][0]  
    first_partial_sum[1][0][1]  
    first_partial_sum[1][0][2]  
    first_partial_sum[1][0][3]  
    first_partial_sum[1][0][20]  
    first_partial_sum[1][0][21]  
    first_partial_sum[1][0][22]  
    first_partial_sum[1][0][23]  
    first_partial_sum[1][0][24]  
    first_partial_sum[1][0][25]  
    first_partial_sum[1][0][26]  
    first_partial_sum[1][0][27]  
    first_partial_sum[1][0][28]  
    first_partial_sum[1][0][29]  
    first_partial_sum[1][0][30]  
    first_partial_sum[1][0][31]  
    second_partial_sum_1_0  
    second_partial_sum_1_1  
    second_partial_sum_1_2  
    second_partial_sum_1_3  
    first_partial_sum[0][3][0]  
    first_partial_sum[0][3][1]  
    first_partial_sum[0][3][2]  
    first_partial_sum[0][3][3]  
    first_partial_sum[0][3][4]  
    first_partial_sum[0][3][5]  
    first_partial_sum[0][3][6]  
    first_partial_sum[0][3][7]  
    first_partial_sum[0][3][8]  
    first_partial_sum[0][3][9]  
    first_partial_sum[0][3][10]  
    first_partial_sum[0][3][11]  
    first_partial_sum[0][3][12]  
    first_partial_sum[0][3][13]  
    first_partial_sum[0][3][14]  
    first_partial_sum[0][3][15]  
    first_partial_sum[2][2][0]  
    first_partial_sum[2][2][1]  
    first_partial_sum[2][2][2]  
    first_partial_sum[2][2][3]  
    first_partial_sum[2][2][4]  
    first_partial_sum[2][2][5]  
    first_partial_sum[2][2][6]  
    first_partial_sum[2][2][7]  
    first_partial_sum[2][2][8]  
    first_partial_sum[2][2][9]  
    first_partial_sum[2][2][10]  
    first_partial_sum[2][2][11]  
    first_partial_sum[2][2][29]  
    first_partial_sum[2][2][30]  
    first_partial_sum[2][2][31]  
    second_partial_sum_3_0  
    second_partial_sum_3_1  
    second_partial_sum_3_2  
    second_partial_sum_3_3  
    first_partial_sum[2][0][0]  
    first_partial_sum[2][0][1]  
    first_partial_sum[2][0][2]  
    first_partial_sum[2][0][3]  
    first_partial_sum[2][0][20]  
    first_partial_sum[2][0][21]  
    first_partial_sum[2][0][22]  
    first_partial_sum[2][0][23]  
    first_partial_sum[2][0][24]  
    first_partial_sum[2][0][25]  
    first_partial_sum[2][0][26]  
    first_partial_sum[2][0][27]  
    first_partial_sum[2][0][28]  
    first_partial_sum[2][0][29]  
    first_partial_sum[2][0][30]  
    first_partial_sum[2][0][31]  
    first_partial_sum[3][0][0]  
    first_partial_sum[3][0][1]  
    first_partial_sum[3][0][2]  
    first_partial_sum[3][0][3]  
    first_partial_sum[3][0][20]  
    first_partial_sum[3][0][21]  
    first_partial_sum[3][0][22]  
    first_partial_sum[3][0][23]  
    first_partial_sum[3][0][24]  
    first_partial_sum[3][0][25]  
    first_partial_sum[3][0][26]  
    first_partial_sum[3][0][27]  
    first_partial_sum[3][0][28]  
    first_partial_sum[3][0][29]  
    first_partial_sum[3][0][30]  
    first_partial_sum[3][0][31]  
    stage2_regs[3][3][0]  
    stage2_regs[3][3][1]  
    stage2_regs[3][3][2]  
    stage2_regs[3][3][3]  
    stage2_regs[3][3][4]  
    stage2_regs[3][3][5]  
    stage2_regs[3][3][6]  
    stage2_regs[3][3][7]  
    stage2_regs[3][3][8]  
    stage2_regs[3][3][9]  
    stage2_regs[3][3][10]  
    stage2_regs[3][3][11]  
    stage2_regs[3][2][0]  
    stage2_regs[3][2][1]  
    stage2_regs[3][2][2]  
    stage2_regs[3][2][3]  
    stage2_regs[3][2][4]  
    stage2_regs[3][2][5]  
    stage2_regs[3][2][6]  
    stage2_regs[3][2][7]  
    stage2_regs[3][2][29]  
    stage2_regs[3][2][30]  
    stage2_regs[3][2][31]  
    stage2_regs[3][1][0]  
    stage2_regs[3][1][1]  
    stage2_regs[3][1][2]  
    stage2_regs[3][1][3]  
    stage2_regs[3][1][25]  
    stage2_regs[3][1][26]  
    stage2_regs[3][1][27]  
    stage2_regs[3][1][28]  
    stage2_regs[3][1][29]  
    stage2_regs[3][1][30]  
    stage2_regs[3][1][31]  
    stage2_regs[3][0][21]  
    stage2_regs[3][0][22]  
    stage2_regs[3][0][23]  
    stage2_regs[3][0][24]  
    stage2_regs[3][0][25]  
    stage2_regs[3][0][26]  
    stage2_regs[3][0][27]  
    stage2_regs[3][0][28]  
    stage2_regs[3][0][29]  
    stage2_regs[3][0][30]  
    stage2_regs[3][0][31]  
    stage2_regs[2][3][0]  
    stage2_regs[2][3][1]  
    stage2_regs[2][3][2]  
    stage2_regs[2][3][3]  
    stage2_regs[2][3][4]  
    stage2_regs[2][3][5]  
    stage2_regs[2][3][6]  
    stage2_regs[2][3][7]  
    stage2_regs[2][3][8]  
    stage2_regs[2][3][9]  
    stage2_regs[2][3][10]  
    stage2_regs[2][3][11]  
    stage2_regs[2][2][0]  
    stage2_regs[2][2][1]  
    stage2_regs[2][2][2]  
    stage2_regs[2][2][3]  
    stage2_regs[2][2][4]  
    stage2_regs[2][2][5]  
    stage2_regs[2][2][6]  
    stage2_regs[2][2][7]  
    stage2_regs[2][2][29]  
    stage2_regs[2][2][30]  
    stage2_regs[2][2][31]  
    stage2_regs[2][1][0]  
    stage2_regs[2][1][1]  
    stage2_regs[2][1][2]  
    stage2_regs[2][1][3]  
    stage2_regs[2][1][25]  
    stage2_regs[2][1][26]  
    stage2_regs[2][1][27]  
    stage2_regs[2][1][28]  
    stage2_regs[2][1][29]  
    stage2_regs[2][1][30]  
    stage2_regs[2][1][31]  
    stage2_regs[2][0][21]  
    stage2_regs[2][0][22]  
    stage2_regs[2][0][23]  
    stage2_regs[2][0][24]  
    stage2_regs[2][0][25]  
    stage2_regs[2][0][26]  
    stage2_regs[2][0][27]  
    stage2_regs[2][0][28]  
    stage2_regs[2][0][29]  
    stage2_regs[2][0][30]  
    stage2_regs[2][0][31]  
    stage2_regs[1][3][0]  
    stage2_regs[1][3][1]  
    stage2_regs[1][3][2]  
    stage2_regs[1][3][3]  
    stage2_regs[1][3][4]  
    stage2_regs[1][3][5]  
    stage2_regs[1][3][6]  
    stage2_regs[1][3][7]  
    stage2_regs[1][3][8]  
    stage2_regs[1][3][9]  
    stage2_regs[1][3][10]  
    stage2_regs[1][3][11]  
    stage2_regs[1][2][0]  
    stage2_regs[1][2][1]  
    stage2_regs[1][2][2]  
    stage2_regs[1][2][3]  
    stage2_regs[1][2][4]  
    stage2_regs[1][2][5]  
    stage2_regs[1][2][6]  
    stage2_regs[1][2][7]  
    stage2_regs[1][2][29]  
    stage2_regs[1][2][30]  
    stage2_regs[1][2][31]  
    stage2_regs[1][1][0]  
    stage2_regs[1][1][1]  
    stage2_regs[1][1][2]  
    stage2_regs[1][1][3]  
    stage2_regs[1][1][25]  
    stage2_regs[1][1][26]  
    stage2_regs[1][1][27]  
    stage2_regs[1][1][28]  
    stage2_regs[1][1][29]  
    stage2_regs[1][1][30]  
    stage2_regs[1][1][31]  
    stage2_regs[1][0][21]  
    stage2_regs[1][0][22]  
    stage2_regs[1][0][23]  
    stage2_regs[1][0][24]  
    stage2_regs[1][0][25]  
    stage2_regs[1][0][26]  
    stage2_regs[1][0][27]  
    stage2_regs[1][0][28]  
    stage2_regs[1][0][29]  
    stage2_regs[1][0][30]  
    stage2_regs[1][0][31]  
    stage2_regs[0][3][0]  
    stage2_regs[0][3][1]  
    stage2_regs[0][3][2]  
    stage2_regs[0][3][3]  
    stage2_regs[0][3][4]  
    stage2_regs[0][3][5]  
    stage2_regs[0][3][6]  
    stage2_regs[0][3][7]  
    stage2_regs[0][3][8]  
    stage2_regs[0][3][9]  
    stage2_regs[0][3][10]  
    stage2_regs[0][3][11]  
    stage2_regs[0][2][0]  
    stage2_regs[0][2][1]  
    stage2_regs[0][2][2]  
    stage2_regs[0][2][3]  
    stage2_regs[0][2][4]  
    stage2_regs[0][2][5]  
    stage2_regs[0][2][6]  
    stage2_regs[0][2][7]  
    stage2_regs[0][2][29]  
    stage2_regs[0][2][30]  
    stage2_regs[0][2][31]  
    stage2_regs[0][1][0]  
    stage2_regs[0][1][1]  
    stage2_regs[0][1][2]  
    stage2_regs[0][1][3]  
    stage2_regs[0][1][25]  
    stage2_regs[0][1][26]  
    stage2_regs[0][1][27]  
    stage2_regs[0][1][28]  
    stage2_regs[0][1][29]  
    stage2_regs[0][1][30]  
    stage2_regs[0][1][31]  
    stage2_regs[0][0][21]  
    stage2_regs[0][0][22]  
    stage2_regs[0][0][23]  
    stage2_regs[0][0][24]  
    stage2_regs[0][0][25]  
    stage2_regs[0][0][26]  
    stage2_regs[0][0][27]  
    stage2_regs[0][0][28]  
    stage2_regs[0][0][29]  
    stage2_regs[0][0][30]  
    stage2_regs[0][0][31]  
# Multi-driven Nets: 0  
# Assign Statements: 0  
Is Design Uniquified: YES  
# Pins in Netlist without timing lib: 0  

==============================

==============================
: Internal  External  
No of Nets:      12647           0  
No of Connections:      25225           0  
Total Net Length (X): 6.7073e+04  0.0000e+00  
Total Net Length (Y): 4.5120e+04  0.0000e+00  
Total Net Length: 1.1219e+05  0.0000e+00  

==============================
Timing Information
==============================
# Clocks in design: 
    ------------------------------
    Clocks in Design
    ------------------------------
    av_lsMin_rcBest_cmFunc/CLK  
    av_lsMin_rcBest_cmFunc/io_virtual_clk  
    av_lsMax_rcWorst_cmFunc/CLK  
    av_lsMax_rcWorst_cmFunc/io_virtual_clk  4  
# Generated clocks: 0  
# "dont_use" cells from .libs: 
    ------------------------------
    Dont_use Cell List
    ------------------------------
    BUFX2  
    BUFX20  
    CLKBUFX2  
    CLKBUFX20  
    HOLDX1  
    TBUFX2  
    TBUFX20  7  
# "dont_touch" cells from .libs: 0  
# Cells in .lib with max_tran: 
    ------------------------------
    Cell List with max_tran
    ------------------------------
               Cell Name  Max Transition (ps)  
                ACHCONX2  280  
                 ADDFHX1  280  
                 ADDFHX2  280  
                 ADDFHX4  280  
                 ADDFHXL  280  
                  ADDFX1  280  
                  ADDFX2  280  
                  ADDFX4  280  
                  ADDFXL  280  
                  ADDHX1  280  
                  ADDHX2  280  
                  ADDHX4  280  
                  ADDHXL  280  
                  AND2X1  280  
                  AND2X2  280  
                  AND2X4  280  
                  AND2X6  280  
                  AND2X8  280  
                  AND2XL  280  
                  AND3X1  280  
                  AND3X2  280  
                  AND3X4  280  
                  AND3X6  280  
                  AND3X8  280  
                  AND3XL  280  
                  AND4X1  280  
                  AND4X2  280  
                  AND4X4  280  
                  AND4X6  280  
                  AND4X8  280  
                  AND4XL  280  
                 ANTENNA  280  
                  AO21X1  280  
                  AO21X2  280  
                  AO21X4  280  
                  AO21XL  280  
                  AO22X1  280  
                  AO22X2  280  
                  AO22X4  280  
                  AO22XL  280  
                AOI211X1  280  
                AOI211X2  280  
                AOI211X4  280  
                AOI211XL  280  
                 AOI21X1  280  
                 AOI21X2  280  
                 AOI21X4  280  
                 AOI21XL  280  
                AOI221X1  280  
                AOI221X2  280  
                AOI221X4  280  
                AOI221XL  280  
                AOI222X1  280  
                AOI222X2  280  
                AOI222X4  280  
                AOI222XL  280  
                 AOI22X1  280  
                 AOI22X2  280  
                 AOI22X4  280  
                 AOI22XL  280  
               AOI2BB1X1  280  
               AOI2BB1X2  280  
               AOI2BB1X4  280  
               AOI2BB1XL  280  
               AOI2BB2X1  280  
               AOI2BB2X2  280  
               AOI2BB2X4  280  
               AOI2BB2XL  280  
                 AOI31X1  280  
                 AOI31X2  280  
                 AOI31X4  280  
                 AOI31XL  280  
                 AOI32X1  280  
                 AOI32X2  280  
                 AOI32X4  280  
                 AOI32XL  280  
                 AOI33X1  280  
                 AOI33X2  280  
                 AOI33X4  280  
                 AOI33XL  280  
                  BMXIX2  280  
                  BMXIX4  280  
                  BUFX12  280  
                  BUFX16  280  
                   BUFX2  280  
                  BUFX20  280  
                   BUFX3  280  
                   BUFX4  280  
                   BUFX6  280  
                   BUFX8  280  
              CLKAND2X12  280  
               CLKAND2X2  280  
               CLKAND2X3  280  
               CLKAND2X4  280  
               CLKAND2X6  280  
               CLKAND2X8  280  
               CLKBUFX12  280  
               CLKBUFX16  280  
                CLKBUFX2  280  
               CLKBUFX20  280  
                CLKBUFX3  280  
                CLKBUFX4  280  
                CLKBUFX6  280  
                CLKBUFX8  280  
                CLKINVX1  280  
               CLKINVX12  280  
               CLKINVX16  280  
                CLKINVX2  280  
               CLKINVX20  280  
                CLKINVX3  280  
                CLKINVX4  280  
                CLKINVX6  280  
                CLKINVX8  280  
               CLKMX2X12  280  
                CLKMX2X2  280  
                CLKMX2X3  280  
                CLKMX2X4  280  
                CLKMX2X6  280  
                CLKMX2X8  280  
               CLKXOR2X1  280  
               CLKXOR2X2  280  
               CLKXOR2X4  280  
               CLKXOR2X8  280  
                 DFFHQX1  280  
                 DFFHQX2  280  
                 DFFHQX4  280  
                 DFFHQX8  280  
                DFFNSRX1  280  
                DFFNSRX2  280  
                DFFNSRX4  280  
                DFFNSRXL  280  
                  DFFQX1  280  
                  DFFQX2  280  
                  DFFQX4  280  
                  DFFQXL  280  
                DFFRHQX1  280  
                DFFRHQX2  280  
                DFFRHQX4  280  
                DFFRHQX8  280  
                  DFFRX1  280  
                  DFFRX2  280  
                  DFFRX4  280  
                  DFFRXL  280  
                DFFSHQX1  280  
                DFFSHQX2  280  
                DFFSHQX4  280  
                DFFSHQX8  280  
               DFFSRHQX1  280  
               DFFSRHQX2  280  
               DFFSRHQX4  280  
               DFFSRHQX8  280  
                 DFFSRX1  280  
                 DFFSRX2  280  
                 DFFSRX4  280  
                 DFFSRXL  280  
                  DFFSX1  280  
                  DFFSX2  280  
                  DFFSX4  280  
                  DFFSXL  280  
                 DFFTRX1  280  
                 DFFTRX2  280  
                 DFFTRX4  280  
                 DFFTRXL  280  
                   DFFX1  280  
                   DFFX2  280  
                   DFFX4  280  
                   DFFXL  280  
                  DLY1X1  280  
                  DLY1X4  280  
                  DLY2X1  280  
                  DLY2X4  280  
                  DLY3X1  280  
                  DLY3X4  280  
                  DLY4X1  280  
                  DLY4X4  280  
                EDFFHQX1  280  
                EDFFHQX2  280  
                EDFFHQX4  280  
                EDFFHQX8  280  
                EDFFTRX1  280  
                EDFFTRX2  280  
                EDFFTRX4  280  
                EDFFTRXL  280  
                  EDFFX1  280  
                  EDFFX2  280  
                  EDFFX4  280  
                  EDFFXL  280  
                  HOLDX1  280  
                   INVX1  280  
                  INVX12  280  
                  INVX16  280  
                   INVX2  280  
                  INVX20  280  
                   INVX3  280  
                   INVX4  280  
                   INVX6  280  
                   INVX8  280  
                   INVXL  280  
                MDFFHQX1  280  
                MDFFHQX2  280  
                MDFFHQX4  280  
                MDFFHQX8  280  
                   MX2X1  280  
                   MX2X2  280  
                   MX2X4  280  
                   MX2X6  280  
                   MX2X8  280  
                   MX2XL  280  
                   MX3X1  280  
                   MX3X2  280  
                   MX3X4  280  
                   MX3XL  280  
                   MX4X1  280  
                   MX4X2  280  
                   MX4X4  280  
                   MX4XL  280  
                  MXI2X1  280  
                  MXI2X2  280  
                  MXI2X4  280  
                  MXI2X6  280  
                  MXI2X8  280  
                  MXI2XL  280  
                  MXI3X1  280  
                  MXI3X2  280  
                  MXI3X4  280  
                  MXI3XL  280  
                  MXI4X1  280  
                  MXI4X2  280  
                  MXI4X4  280  
                  MXI4XL  280  
                NAND2BX1  280  
                NAND2BX2  280  
                NAND2BX4  280  
                NAND2BXL  280  
                 NAND2X1  280  
                 NAND2X2  280  
                 NAND2X4  280  
                 NAND2X6  280  
                 NAND2X8  280  
                 NAND2XL  280  
                NAND3BX1  280  
                NAND3BX2  280  
                NAND3BX4  280  
                NAND3BXL  280  
                 NAND3X1  280  
                 NAND3X2  280  
                 NAND3X4  280  
                 NAND3X6  280  
                 NAND3X8  280  
                 NAND3XL  280  
               NAND4BBX1  280  
               NAND4BBX2  280  
               NAND4BBX4  280  
               NAND4BBXL  280  
                NAND4BX1  280  
                NAND4BX2  280  
                NAND4BX4  280  
                NAND4BXL  280  
                 NAND4X1  280  
                 NAND4X2  280  
                 NAND4X4  280  
                 NAND4X6  280  
                 NAND4X8  280  
                 NAND4XL  280  
                 NOR2BX1  280  
                 NOR2BX2  280  
                 NOR2BX4  280  
                 NOR2BXL  280  
                  NOR2X1  280  
                  NOR2X2  280  
                  NOR2X4  280  
                  NOR2X6  280  
                  NOR2X8  280  
                  NOR2XL  280  
                 NOR3BX1  280  
                 NOR3BX2  280  
                 NOR3BX4  280  
                 NOR3BXL  280  
                  NOR3X1  280  
                  NOR3X2  280  
                  NOR3X4  280  
                  NOR3X6  280  
                  NOR3X8  280  
                  NOR3XL  280  
                NOR4BBX1  280  
                NOR4BBX2  280  
                NOR4BBX4  280  
                NOR4BBXL  280  
                 NOR4BX1  280  
                 NOR4BX2  280  
                 NOR4BX4  280  
                 NOR4BXL  280  
                  NOR4X1  280  
                  NOR4X2  280  
                  NOR4X4  280  
                  NOR4X6  280  
                  NOR4X8  280  
                  NOR4XL  280  
                  OA21X1  280  
                  OA21X2  280  
                  OA21X4  280  
                  OA21XL  280  
                  OA22X1  280  
                  OA22X2  280  
                  OA22X4  280  
                  OA22XL  280  
                OAI211X1  280  
                OAI211X2  280  
                OAI211X4  280  
                OAI211XL  280  
                 OAI21X1  280  
                 OAI21X2  280  
                 OAI21X4  280  
                 OAI21XL  280  
                OAI221X1  280  
                OAI221X2  280  
                OAI221X4  280  
                OAI221XL  280  
                OAI222X1  280  
                OAI222X2  280  
                OAI222X4  280  
                OAI222XL  280  
                 OAI22X1  280  
                 OAI22X2  280  
                 OAI22X4  280  
                 OAI22XL  280  
               OAI2BB1X1  280  
               OAI2BB1X2  280  
               OAI2BB1X4  280  
               OAI2BB1XL  280  
               OAI2BB2X1  280  
               OAI2BB2X2  280  
               OAI2BB2X4  280  
               OAI2BB2XL  280  
                 OAI31X1  280  
                 OAI31X2  280  
                 OAI31X4  280  
                 OAI31XL  280  
                 OAI32X1  280  
                 OAI32X2  280  
                 OAI32X4  280  
                 OAI32XL  280  
                 OAI33X1  280  
                 OAI33X2  280  
                 OAI33X4  280  
                 OAI33XL  280  
                   OR2X1  280  
                   OR2X2  280  
                   OR2X4  280  
                   OR2X6  280  
                   OR2X8  280  
                   OR2XL  280  
                   OR3X1  280  
                   OR3X2  280  
                   OR3X4  280  
                   OR3X6  280  
                   OR3X8  280  
                   OR3XL  280  
                   OR4X1  280  
                   OR4X2  280  
                   OR4X4  280  
                   OR4X6  280  
                   OR4X8  280  
                   OR4XL  280  
                SDFFHQX1  280  
                SDFFHQX2  280  
                SDFFHQX4  280  
                SDFFHQX8  280  
               SDFFNSRX1  280  
               SDFFNSRX2  280  
               SDFFNSRX4  280  
               SDFFNSRXL  280  
                 SDFFQX1  280  
                 SDFFQX2  280  
                 SDFFQX4  280  
                 SDFFQXL  280  
               SDFFRHQX1  280  
               SDFFRHQX2  280  
               SDFFRHQX4  280  
               SDFFRHQX8  280  
                 SDFFRX1  280  
                 SDFFRX2  280  
                 SDFFRX4  280  
                 SDFFRXL  280  
               SDFFSHQX1  280  
               SDFFSHQX2  280  
               SDFFSHQX4  280  
               SDFFSHQX8  280  
              SDFFSRHQX1  280  
              SDFFSRHQX2  280  
              SDFFSRHQX4  280  
              SDFFSRHQX8  280  
                SDFFSRX1  280  
                SDFFSRX2  280  
                SDFFSRX4  280  
                SDFFSRXL  280  
                 SDFFSX1  280  
                 SDFFSX2  280  
                 SDFFSX4  280  
                 SDFFSXL  280  
                SDFFTRX1  280  
                SDFFTRX2  280  
                SDFFTRX4  280  
                SDFFTRXL  280  
                  SDFFX1  280  
                  SDFFX2  280  
                  SDFFX4  280  
                  SDFFXL  280  
               SEDFFHQX1  280  
               SEDFFHQX2  280  
               SEDFFHQX4  280  
               SEDFFHQX8  280  
               SEDFFTRX1  280  
               SEDFFTRX2  280  
               SEDFFTRX4  280  
               SEDFFTRXL  280  
                 SEDFFX1  280  
                 SEDFFX2  280  
                 SEDFFX4  280  
                 SEDFFXL  280  
               SMDFFHQX1  280  
               SMDFFHQX2  280  
               SMDFFHQX4  280  
               SMDFFHQX8  280  
                  TBUFX1  280  
                 TBUFX12  280  
                 TBUFX16  280  
                  TBUFX2  280  
                 TBUFX20  280  
                  TBUFX3  280  
                  TBUFX4  280  
                  TBUFX6  280  
                  TBUFX8  280  
                  TBUFXL  280  
                   TIEHI  280  
                   TIELO  280  
              TLATNCAX12  280  
              TLATNCAX16  280  
               TLATNCAX2  280  
              TLATNCAX20  280  
               TLATNCAX3  280  
               TLATNCAX4  280  
               TLATNCAX6  280  
               TLATNCAX8  280  
               TLATNSRX1  280  
               TLATNSRX2  280  
               TLATNSRX4  280  
               TLATNSRXL  280  
            TLATNTSCAX12  280  
            TLATNTSCAX16  280  
             TLATNTSCAX2  280  
            TLATNTSCAX20  280  
             TLATNTSCAX3  280  
             TLATNTSCAX4  280  
             TLATNTSCAX6  280  
             TLATNTSCAX8  280  
                 TLATNX1  280  
                 TLATNX2  280  
                 TLATNX4  280  
                 TLATNXL  280  
                TLATSRX1  280  
                TLATSRX2  280  
                TLATSRX4  280  
                TLATSRXL  280  
                  TLATX1  280  
                  TLATX2  280  
                  TLATX4  280  
                  TLATXL  280  
                 XNOR2X1  280  
                 XNOR2X2  280  
                 XNOR2X4  280  
                 XNOR2XL  280  
                 XNOR3X1  280  
                 XNOR3XL  280  
                  XOR2X1  280  
                  XOR2X2  280  
                  XOR2X4  280  
                  XOR2XL  280  
                  XOR3X1  280  
                  XOR3XL  280  480  
# Cells in .lib with max_cap: 
    ------------------------------
    Cell List with max_cap
    ------------------------------
               Cell Name  Max Capacitance (pf)  
                ACHCONX2  0.300000  
                 ADDFHX1  0.250000  
                 ADDFHX2  0.300000  
                 ADDFHX4  0.450000  
                 ADDFHXL  0.200000  
                  ADDFX1  0.250000  
                  ADDFX2  0.300000  
                  ADDFX4  0.450000  
                  ADDFXL  0.200000  
                  ADDHX1  0.250000  
                  ADDHX2  0.300000  
                  ADDHX4  0.450000  
                  ADDHXL  0.200000  
                  AND2X1  0.250000  
                  AND2X2  0.300000  
                  AND2X4  0.450000  
                  AND2X6  0.450000  
                  AND2X8  0.450000  
                  AND2XL  0.200000  
                  AND3X1  0.250000  
                  AND3X2  0.300000  
                  AND3X4  0.450000  
                  AND3X6  0.450000  
                  AND3X8  0.450000  
                  AND3XL  0.200000  
                  AND4X1  0.250000  
                  AND4X2  0.300000  
                  AND4X4  0.450000  
                  AND4X6  0.450000  
                  AND4X8  0.450000  
                  AND4XL  0.200000  
                  AO21X1  0.250000  
                  AO21X2  0.300000  
                  AO21X4  0.450000  
                  AO21XL  0.200000  
                  AO22X1  0.250000  
                  AO22X2  0.300000  
                  AO22X4  0.450000  
                  AO22XL  0.200000  
                AOI211X1  0.250000  
                AOI211X2  0.300000  
                AOI211X4  0.450000  
                AOI211XL  0.200000  
                 AOI21X1  0.250000  
                 AOI21X2  0.300000  
                 AOI21X4  0.450000  
                 AOI21XL  0.200000  
                AOI221X1  0.250000  
                AOI221X2  0.300000  
                AOI221X4  0.450000  
                AOI221XL  0.200000  
                AOI222X1  0.250000  
                AOI222X2  0.300000  
                AOI222X4  0.450000  
                AOI222XL  0.200000  
                 AOI22X1  0.250000  
                 AOI22X2  0.300000  
                 AOI22X4  0.450000  
                 AOI22XL  0.200000  
               AOI2BB1X1  0.250000  
               AOI2BB1X2  0.300000  
               AOI2BB1X4  0.450000  
               AOI2BB1XL  0.200000  
               AOI2BB2X1  0.250000  
               AOI2BB2X2  0.300000  
               AOI2BB2X4  0.450000  
               AOI2BB2XL  0.200000  
                 AOI31X1  0.250000  
                 AOI31X2  0.300000  
                 AOI31X4  0.450000  
                 AOI31XL  0.200000  
                 AOI32X1  0.250000  
                 AOI32X2  0.300000  
                 AOI32X4  0.450000  
                 AOI32XL  0.200000  
                 AOI33X1  0.250000  
                 AOI33X2  0.300000  
                 AOI33X4  0.450000  
                 AOI33XL  0.200000  
                  BMXIX2  0.300000  
                  BMXIX4  0.450000  
                  BUFX12  0.250000  
                  BUFX16  0.250000  
                   BUFX2  0.300000  
                  BUFX20  0.300000  
                   BUFX3  0.450000  
                   BUFX4  0.450000  
                   BUFX6  0.450000  
                   BUFX8  0.450000  
              CLKAND2X12  0.250000  
               CLKAND2X2  0.300000  
               CLKAND2X3  0.450000  
               CLKAND2X4  0.450000  
               CLKAND2X6  0.450000  
               CLKAND2X8  0.450000  
               CLKBUFX12  0.250000  
               CLKBUFX16  0.250000  
                CLKBUFX2  0.300000  
               CLKBUFX20  0.300000  
                CLKBUFX3  0.450000  
                CLKBUFX4  0.450000  
                CLKBUFX6  0.450000  
                CLKBUFX8  0.450000  
                CLKINVX1  0.250000  
               CLKINVX12  0.250000  
               CLKINVX16  0.250000  
                CLKINVX2  0.300000  
               CLKINVX20  0.300000  
                CLKINVX3  0.450000  
                CLKINVX4  0.450000  
                CLKINVX6  0.450000  
                CLKINVX8  0.450000  
               CLKMX2X12  0.250000  
                CLKMX2X2  0.300000  
                CLKMX2X3  0.300000  
                CLKMX2X4  0.300000  
                CLKMX2X6  0.300000  
                CLKMX2X8  0.300000  
               CLKXOR2X1  0.250000  
               CLKXOR2X2  0.300000  
               CLKXOR2X4  0.450000  
               CLKXOR2X8  0.450000  
                 DFFHQX1  0.250000  
                 DFFHQX2  0.300000  
                 DFFHQX4  0.450000  
                 DFFHQX8  0.450000  
                DFFNSRX1  0.250000  
                DFFNSRX2  0.300000  
                DFFNSRX4  0.300000  
                DFFNSRXL  0.200000  
                  DFFQX1  0.250000  
                  DFFQX2  0.300000  
                  DFFQX4  0.450000  
                  DFFQXL  0.200000  
                DFFRHQX1  0.250000  
                DFFRHQX2  0.300000  
                DFFRHQX4  0.450000  
                DFFRHQX8  0.450000  
                  DFFRX1  0.250000  
                  DFFRX2  0.300000  
                  DFFRX4  0.450000  
                  DFFRXL  0.200000  
                DFFSHQX1  0.250000  
                DFFSHQX2  0.300000  
                DFFSHQX4  0.450000  
                DFFSHQX8  0.450000  
               DFFSRHQX1  0.250000  
               DFFSRHQX2  0.300000  
               DFFSRHQX4  0.450000  
               DFFSRHQX8  0.450000  
                 DFFSRX1  0.250000  
                 DFFSRX2  0.300000  
                 DFFSRX4  0.450000  
                 DFFSRXL  0.200000  
                  DFFSX1  0.250000  
                  DFFSX2  0.250000  
                  DFFSX4  0.450000  
                  DFFSXL  0.200000  
                 DFFTRX1  0.250000  
                 DFFTRX2  0.300000  
                 DFFTRX4  0.450000  
                 DFFTRXL  0.200000  
                   DFFX1  0.250000  
                   DFFX2  0.300000  
                   DFFX4  0.450000  
                   DFFXL  0.200000  
                  DLY1X1  0.250000  
                  DLY1X4  0.450000  
                  DLY2X1  0.250000  
                  DLY2X4  0.450000  
                  DLY3X1  0.250000  
                  DLY3X4  0.450000  
                  DLY4X1  0.250000  
                  DLY4X4  0.450000  
                EDFFHQX1  0.250000  
                EDFFHQX2  0.300000  
                EDFFHQX4  0.450000  
                EDFFHQX8  0.450000  
                EDFFTRX1  0.250000  
                EDFFTRX2  0.300000  
                EDFFTRX4  0.450000  
                EDFFTRXL  0.200000  
                  EDFFX1  0.250000  
                  EDFFX2  0.300000  
                  EDFFX4  0.450000  
                  EDFFXL  0.200000  
                   INVX1  0.250000  
                  INVX12  0.250000  
                  INVX16  0.250000  
                   INVX2  0.300000  
                  INVX20  0.300000  
                   INVX3  0.450000  
                   INVX4  0.450000  
                   INVX6  0.450000  
                   INVX8  0.450000  
                   INVXL  0.200000  
                MDFFHQX1  0.250000  
                MDFFHQX2  0.300000  
                MDFFHQX4  0.450000  
                MDFFHQX8  0.450000  
                   MX2X1  0.250000  
                   MX2X2  0.300000  
                   MX2X4  0.300000  
                   MX2X6  0.300000  
                   MX2X8  0.300000  
                   MX2XL  0.300000  
                   MX3X1  0.250000  
                   MX3X2  0.300000  
                   MX3X4  0.450000  
                   MX3XL  0.200000  
                   MX4X1  0.250000  
                   MX4X2  0.300000  
                   MX4X4  0.450000  
                   MX4XL  0.200000  
                  MXI2X1  0.250000  
                  MXI2X2  0.300000  
                  MXI2X4  0.450000  
                  MXI2X6  0.450000  
                  MXI2X8  0.450000  
                  MXI2XL  0.200000  
                  MXI3X1  0.250000  
                  MXI3X2  0.300000  
                  MXI3X4  0.450000  
                  MXI3XL  0.200000  
                  MXI4X1  0.250000  
                  MXI4X2  0.300000  
                  MXI4X4  0.450000  
                  MXI4XL  0.200000  
                NAND2BX1  0.250000  
                NAND2BX2  0.300000  
                NAND2BX4  0.450000  
                NAND2BXL  0.200000  
                 NAND2X1  0.250000  
                 NAND2X2  0.300000  
                 NAND2X4  0.450000  
                 NAND2X6  0.450000  
                 NAND2X8  0.450000  
                 NAND2XL  0.200000  
                NAND3BX1  0.250000  
                NAND3BX2  0.300000  
                NAND3BX4  0.450000  
                NAND3BXL  0.200000  
                 NAND3X1  0.250000  
                 NAND3X2  0.300000  
                 NAND3X4  0.450000  
                 NAND3X6  0.450000  
                 NAND3X8  0.450000  
                 NAND3XL  0.200000  
               NAND4BBX1  0.250000  
               NAND4BBX2  0.300000  
               NAND4BBX4  0.450000  
               NAND4BBXL  0.200000  
                NAND4BX1  0.250000  
                NAND4BX2  0.300000  
                NAND4BX4  0.450000  
                NAND4BXL  0.200000  
                 NAND4X1  0.250000  
                 NAND4X2  0.300000  
                 NAND4X4  0.450000  
                 NAND4X6  0.450000  
                 NAND4X8  0.450000  
                 NAND4XL  0.200000  
                 NOR2BX1  0.250000  
                 NOR2BX2  0.300000  
                 NOR2BX4  0.450000  
                 NOR2BXL  0.200000  
                  NOR2X1  0.250000  
                  NOR2X2  0.300000  
                  NOR2X4  0.450000  
                  NOR2X6  0.450000  
                  NOR2X8  0.450000  
                  NOR2XL  0.200000  
                 NOR3BX1  0.250000  
                 NOR3BX2  0.300000  
                 NOR3BX4  0.450000  
                 NOR3BXL  0.200000  
                  NOR3X1  0.250000  
                  NOR3X2  0.300000  
                  NOR3X4  0.450000  
                  NOR3X6  0.450000  
                  NOR3X8  0.450000  
                  NOR3XL  0.200000  
                NOR4BBX1  0.250000  
                NOR4BBX2  0.300000  
                NOR4BBX4  0.450000  
                NOR4BBXL  0.200000  
                 NOR4BX1  0.250000  
                 NOR4BX2  0.300000  
                 NOR4BX4  0.450000  
                 NOR4BXL  0.200000  
                  NOR4X1  0.250000  
                  NOR4X2  0.300000  
                  NOR4X4  0.450000  
                  NOR4X6  0.450000  
                  NOR4X8  0.450000  
                  NOR4XL  0.200000  
                  OA21X1  0.250000  
                  OA21X2  0.300000  
                  OA21X4  0.450000  
                  OA21XL  0.200000  
                  OA22X1  0.250000  
                  OA22X2  0.300000  
                  OA22X4  0.450000  
                  OA22XL  0.200000  
                OAI211X1  0.250000  
                OAI211X2  0.300000  
                OAI211X4  0.450000  
                OAI211XL  0.200000  
                 OAI21X1  0.250000  
                 OAI21X2  0.300000  
                 OAI21X4  0.450000  
                 OAI21XL  0.200000  
                OAI221X1  0.250000  
                OAI221X2  0.300000  
                OAI221X4  0.450000  
                OAI221XL  0.200000  
                OAI222X1  0.250000  
                OAI222X2  0.300000  
                OAI222X4  0.450000  
                OAI222XL  0.200000  
                 OAI22X1  0.250000  
                 OAI22X2  0.300000  
                 OAI22X4  0.450000  
                 OAI22XL  0.200000  
               OAI2BB1X1  0.250000  
               OAI2BB1X2  0.300000  
               OAI2BB1X4  0.450000  
               OAI2BB1XL  0.200000  
               OAI2BB2X1  0.250000  
               OAI2BB2X2  0.300000  
               OAI2BB2X4  0.450000  
               OAI2BB2XL  0.200000  
                 OAI31X1  0.250000  
                 OAI31X2  0.300000  
                 OAI31X4  0.450000  
                 OAI31XL  0.200000  
                 OAI32X1  0.250000  
                 OAI32X2  0.300000  
                 OAI32X4  0.450000  
                 OAI32XL  0.200000  
                 OAI33X1  0.250000  
                 OAI33X2  0.300000  
                 OAI33X4  0.450000  
                 OAI33XL  0.200000  
                   OR2X1  0.250000  
                   OR2X2  0.300000  
                   OR2X4  0.450000  
                   OR2X6  0.450000  
                   OR2X8  0.450000  
                   OR2XL  0.200000  
                   OR3X1  0.250000  
                   OR3X2  0.300000  
                   OR3X4  0.450000  
                   OR3X6  0.450000  
                   OR3X8  0.450000  
                   OR3XL  0.200000  
                   OR4X1  0.250000  
                   OR4X2  0.300000  
                   OR4X4  0.450000  
                   OR4X6  0.450000  
                   OR4X8  0.450000  
                   OR4XL  0.200000  
                SDFFHQX1  0.250000  
                SDFFHQX2  0.300000  
                SDFFHQX4  0.450000  
                SDFFHQX8  0.450000  
               SDFFNSRX1  0.250000  
               SDFFNSRX2  0.300000  
               SDFFNSRX4  0.450000  
               SDFFNSRXL  0.200000  
                 SDFFQX1  0.250000  
                 SDFFQX2  0.300000  
                 SDFFQX4  0.450000  
                 SDFFQXL  0.200000  
               SDFFRHQX1  0.250000  
               SDFFRHQX2  0.300000  
               SDFFRHQX4  0.450000  
               SDFFRHQX8  0.450000  
                 SDFFRX1  0.250000  
                 SDFFRX2  0.300000  
                 SDFFRX4  0.450000  
                 SDFFRXL  0.200000  
               SDFFSHQX1  0.250000  
               SDFFSHQX2  0.300000  
               SDFFSHQX4  0.450000  
               SDFFSHQX8  0.450000  
              SDFFSRHQX1  0.250000  
              SDFFSRHQX2  0.300000  
              SDFFSRHQX4  0.450000  
              SDFFSRHQX8  0.450000  
                SDFFSRX1  0.250000  
                SDFFSRX2  0.300000  
                SDFFSRX4  0.450000  
                SDFFSRXL  0.200000  
                 SDFFSX1  0.250000  
                 SDFFSX2  0.300000  
                 SDFFSX4  0.450000  
                 SDFFSXL  0.200000  
                SDFFTRX1  0.250000  
                SDFFTRX2  0.300000  
                SDFFTRX4  0.450000  
                SDFFTRXL  0.200000  
                  SDFFX1  0.250000  
                  SDFFX2  0.300000  
                  SDFFX4  0.450000  
                  SDFFXL  0.200000  
               SEDFFHQX1  0.250000  
               SEDFFHQX2  0.300000  
               SEDFFHQX4  0.450000  
               SEDFFHQX8  0.450000  
               SEDFFTRX1  0.250000  
               SEDFFTRX2  0.300000  
               SEDFFTRX4  0.450000  
               SEDFFTRXL  0.200000  
                 SEDFFX1  0.250000  
                 SEDFFX2  0.300000  
                 SEDFFX4  0.450000  
                 SEDFFXL  0.200000  
               SMDFFHQX1  0.250000  
               SMDFFHQX2  0.300000  
               SMDFFHQX4  0.450000  
               SMDFFHQX8  0.450000  
                  TBUFX1  0.250000  
                 TBUFX12  0.250000  
                 TBUFX16  0.250000  
                  TBUFX2  0.300000  
                 TBUFX20  0.300000  
                  TBUFX3  0.450000  
                  TBUFX4  0.450000  
                  TBUFX6  0.450000  
                  TBUFX8  0.450000  
                  TBUFXL  0.200000  
              TLATNCAX12  0.250000  
              TLATNCAX16  0.250000  
               TLATNCAX2  0.300000  
              TLATNCAX20  0.300000  
               TLATNCAX3  0.450000  
               TLATNCAX4  0.450000  
               TLATNCAX6  0.450000  
               TLATNCAX8  0.450000  
               TLATNSRX1  0.250000  
               TLATNSRX2  0.300000  
               TLATNSRX4  0.450000  
               TLATNSRXL  0.200000  
            TLATNTSCAX12  0.250000  
            TLATNTSCAX16  0.250000  
             TLATNTSCAX2  0.300000  
            TLATNTSCAX20  0.300000  
             TLATNTSCAX3  0.450000  
             TLATNTSCAX4  0.450000  
             TLATNTSCAX6  0.450000  
             TLATNTSCAX8  0.450000  
                 TLATNX1  0.250000  
                 TLATNX2  0.300000  
                 TLATNX4  0.450000  
                 TLATNXL  0.200000  
                TLATSRX1  0.250000  
                TLATSRX2  0.300000  
                TLATSRX4  0.450000  
                TLATSRXL  0.200000  
                  TLATX1  0.250000  
                  TLATX2  0.300000  
                  TLATX4  0.450000  
                  TLATXL  0.200000  
                 XNOR2X1  0.250000  
                 XNOR2X2  0.300000  
                 XNOR2X4  0.450000  
                 XNOR2XL  0.200000  
                 XNOR3X1  0.250000  
                 XNOR3XL  0.200000  
                  XOR2X1  0.250000  
                  XOR2X2  0.300000  
                  XOR2X4  0.450000  
                  XOR2XL  0.200000  
                  XOR3X1  0.250000  
                  XOR3XL  0.200000  476  
# Cells in .lib with max_fanout: 0  
SDC max_cap: N/A  
SDC max_tran: N/A  
SDC max_fanout: N/A  
Default Ext. Scale Factor: 1.000  
Detail Ext. Scale Factor: 1.000  

==============================
Floorplan/Placement Information
==============================
Total area of Standard cells: 37563.912 um^2  
Total area of Standard cells(Subtracting Physical Cells): 23950.944 um^2  
Total area of Macros: 0.000 um^2  
Total area of Blockages: 0.000 um^2  
Total area of Pad cells: 0.000 um^2  
Total area of Core: 37578.404 um^2  
Total area of Chip: 45747.518 um^2  
Effective Utilization: 1.0000e+00  
Number of Cell Rows: 169  
% Pure Gate Density #1 (Subtracting BLOCKAGES): 99.961%  
% Pure Gate Density #2 (Subtracting BLOCKAGES and Physical Cells): 63.736%  
% Pure Gate Density #3 (Subtracting MACROS): 99.961%  
% Pure Gate Density #4 (Subtracting MACROS and Physical Cells): 63.736%  
% Pure Gate Density #5 (Subtracting MACROS and BLOCKAGES): 99.961%  
% Pure Gate Density #6 (Subtracting MACROS and BLOCKAGES for insts are not placed): 63.736%  
% Core Density (Counting Std Cells and MACROs): 99.961%  
% Core Density #2(Subtracting Physical Cells): 63.736%  
% Chip Density (Counting Std Cells and MACROs and IOs): 82.111%  
% Chip Density #2(Subtracting Physical Cells): 52.355%  
# Macros within 5 sites of IO pad: No  
Macro halo defined?: No  

==============================
Wire Length Distribution
==============================
Total Metal1 wire length: 808.9150 um  
Total Metal2 wire length: 37018.2250 um  
Total Metal3 wire length: 46169.4850 um  
Total Metal4 wire length: 15538.7400 um  
Total Metal5 wire length: 20366.2900 um  
Total Metal6 wire length: 1120.2500 um  
Total Metal7 wire length: 0.0000 um  
Total Metal8 wire length: 0.0000 um  
Total Metal9 wire length: 0.0000 um  
Total Metal10 wire length: 0.0000 um  
Total Metal11 wire length: 0.0000 um  
Total wire length: 121021.9050 um  
Average wire length/net: 9.2214 um  
Area of Power Net Distribution: 
    ------------------------------
    Area of Power Net Distribution
    ------------------------------
    Layer Name  Area of Power Net  Routable Area  Percentage  
    Metal1  1329.6960  37578.4042  3.5385%  
    Metal2  0.0000  37578.4042  0.0000%  
    Metal3  0.0000  37578.4042  0.0000%  
    Metal4  0.0000  37578.4042  0.0000%  
    Metal5  0.0000  37578.4042  0.0000%  
    Metal6  0.0000  37578.4042  0.0000%  
    Metal7  725.7600  37578.4042  1.9313%  
    Metal8  2164.6440  37578.4042  5.7603%  
    Metal9  0.0000  37578.4042  0.0000%  
    Metal10  0.0000  37578.4042  0.0000%  
    Metal11  0.0000  37578.4042  0.0000%  For more information click here  
